Bug-ID,Increments-Revealing,Increments-Non-Revealing,Increments-No-Coverage,InvertNegs-Revealing,InvertNegs-Non-Revealing,InvertNegs-No-Coverage,ReturnVals-Revealing,ReturnVals-Non-Revealing,ReturnVals-No-Coverage,VoidMethodCall-Revealing,VoidMethodCall-Non-Revealing,VoidMethodCall-No-Coverage,PrimitiveReturns-Revealing,PrimitiveReturns-Non-Revealing,PrimitiveReturns-No-Coverage,ConstructorCall-Revealing,ConstructorCall-Non-Revealing,ConstructorCall-No-Coverage,NonVoidMethodCall-Revealing,NonVoidMethodCall-Non-Revealing,NonVoidMethodCall-No-Coverage,RemoveConditional-Revealing,RemoveConditional-Non-Revealing,RemoveConditional-No-Coverage,ABS-Revealing,ABS-Non-Revealing,ABS-No-Coverage,AOR-Revealing,AOR-Non-Revealing,AOR-No-Coverage,AOD-Revealing,AOD-Non-Revealing,AOD-No-Coverage,CRCR-Revealing,CRCR-Non-Revealing,CRCR-No-Coverage,OBBN-Revealing,OBBN-Non-Revealing,OBBN-No-Coverage,ROR-Revealing,ROR-Non-Revealing,ROR-No-Coverage,UOI-Revealing,UOI-Non-Revealing,UOI-No-Coverage,BooleanTrueReturnVals-Revealing,BooleanTrueReturnVals-Non-Revealing,BooleanTrueReturnVals-No-Coverage,BooleanFalseReturnVals-Revealing,BooleanFalseReturnVals-Non-Revealing,BooleanFalseReturnVals-No-Coverage,ArgumentPropagation-Revealing,ArgumentPropagation-Non-Revealing,ArgumentPropagation-No-Coverage,NullReturnVals-Revealing,NullReturnVals-Non-Revealing,NullReturnVals-No-Coverage,NakedReceiver-Revealing,NakedReceiver-Non-Revealing,NakedReceiver-No-Coverage,MemberVariable-Revealing,MemberVariable-Non-Revealing,MemberVariable-No-Coverage,EmptyObjectReturnVals-Revealing,EmptyObjectReturnVals-Non-Revealing,EmptyObjectReturnVals-No-Coverage,RemoveIncrements-Revealing,RemoveIncrements-Non-Revealing,RemoveIncrements-No-Coverage,Switch-Revealing,Switch-Non-Revealing,Switch-No-Coverage,RemoveSwitch-Revealing,RemoveSwitch-Non-Revealing,RemoveSwitch-No-Coverage,BigInteger-Revealing,BigInteger-Non-Revealing,BigInteger-No-Coverage
Chart-11f,0,0,0,0,6,23,3,47,0,2,16,36,0,0,0,0,10,0,1,69,13,5,95,16,0,51,104,0,93,115,0,36,68,20,152,90,0,0,0,7,154,53,1,242,377,4,26,2,0,11,0,0,8,3,0,11,1,0,0,0,0,0,0,0,0,0,0,0,0,0,0,0,0,0,0,0,0,0
Chart-12f,0,1,3,0,0,0,1,16,0,2,16,16,0,1,0,0,17,1,1,40,18,0,59,24,0,20,28,0,12,40,0,1,25,3,63,46,0,0,0,0,74,52,0,89,103,0,7,0,1,1,0,0,6,4,0,6,0,0,0,0,0,13,1,0,1,0,0,0,4,0,0,0,0,0,0,0,0,0
Chart-16f,0,3,0,0,0,0,0,36,0,0,1,4,0,8,0,1,32,0,0,58,2,1,125,1,0,72,2,0,12,0,0,6,0,2,131,8,0,0,0,0,236,16,1,229,66,0,9,0,0,3,0,1,2,3,0,11,1,0,8,2,3,8,3,0,3,1,0,0,0,0,0,0,0,0,0,0,0,0
Chart-17f,0,4,0,0,4,0,0,34,2,0,19,15,0,4,1,0,31,0,0,111,30,0,111,26,0,68,29,2,68,54,0,27,35,0,234,145,0,0,0,0,234,51,0,250,138,0,7,1,0,2,0,0,3,0,0,14,0,0,4,12,0,13,0,0,4,1,0,1,0,0,0,0,0,0,0,0,0,0
Chart-18f,0,8,0,0,1,0,0,34,5,1,29,1,0,8,1,4,33,0,6,113,12,4,104,16,0,97,7,0,8,16,0,4,8,0,126,43,0,0,0,3,192,40,1,318,97,0,11,2,0,3,1,0,6,4,0,8,0,0,2,11,0,11,2,0,3,0,0,1,3,0,0,0,0,0,0,0,0,0
Chart-1f,0,5,0,0,0,0,1,48,6,1,24,64,0,3,2,0,30,21,4,125,134,6,141,94,2,43,155,0,3,45,0,2,22,2,95,96,0,0,3,6,194,149,4,208,588,0,14,2,0,1,3,0,8,13,1,24,4,0,0,0,0,17,9,0,0,0,0,1,1,0,0,0,0,0,0,0,0,0
Chart-20f,0,0,0,0,0,0,0,6,0,0,1,0,0,1,0,0,1,0,0,1,0,0,7,0,0,8,0,0,0,0,0,0,0,0,23,4,0,0,0,0,14,2,0,22,10,0,3,0,0,2,0,0,0,0,0,0,0,0,0,0,0,3,0,0,0,0,0,0,0,0,0,0,0,0,0,0,0,0
Chart-21f,0,2,0,0,0,0,0,36,0,0,3,1,0,6,0,0,3,0,0,68,4,8,65,8,4,44,26,0,0,0,0,0,0,0,41,48,0,0,0,16,64,29,29,157,110,0,2,0,0,2,0,0,0,0,0,23,0,0,0,0,2,13,19,0,3,1,0,0,1,0,0,0,0,0,0,0,0,0
Chart-22f,0,5,0,0,0,0,1,18,3,0,5,2,0,4,1,2,17,0,5,69,10,4,58,11,3,42,7,0,0,16,0,0,8,0,56,32,0,0,0,6,109,26,3,139,66,0,5,2,0,2,0,0,0,2,0,5,0,0,1,12,0,6,0,0,2,0,0,3,1,0,0,0,0,0,0,0,0,0
Chart-23f,0,0,0,0,0,0,3,10,1,0,6,20,0,0,0,0,21,6,0,18,28,3,27,17,0,16,52,0,5,15,0,2,8,12,61,211,0,0,0,3,37,28,0,77,195,3,3,0,0,2,1,0,0,4,0,7,0,0,0,0,2,9,12,0,0,0,0,0,0,0,0,0,0,0,0,0,0,0
Chart-24f,0,0,0,0,0,0,0,9,0,0,0,0,0,2,0,0,2,0,0,3,0,0,9,0,0,21,0,0,16,0,0,8,0,0,33,4,0,0,0,0,20,1,0,72,12,0,3,0,0,2,0,0,2,0,0,2,0,0,1,0,0,2,0,0,0,0,0,0,0,0,0,0,0,0,0,0,0,0
Chart-25f,0,0,0,0,0,0,0,6,1,0,6,30,0,0,0,0,10,2,0,17,60,4,35,50,3,13,150,0,0,208,0,0,104,0,37,169,0,0,0,0,63,102,0,154,510,0,3,0,0,1,1,0,0,12,0,2,0,0,0,0,0,5,1,0,0,0,0,0,0,0,0,0,0,0,0,0,0,0
Chart-26f,0,1,0,0,0,0,0,49,2,0,19,28,0,4,0,1,22,22,0,60,63,1,111,23,1,21,52,0,30,150,0,14,76,0,142,109,0,0,0,1,169,34,0,96,200,0,26,1,0,6,1,0,3,3,0,15,0,0,1,0,0,51,3,0,3,0,0,1,0,0,0,0,0,0,0,0,0,0
Chart-2f,0,64,1,0,0,0,0,76,0,0,9,0,0,2,0,0,78,1,0,334,29,2,492,54,0,483,126,0,91,9,0,45,5,2,538,141,0,0,0,2,867,245,10,1790,636,0,3,0,0,7,0,2,57,26,0,51,1,0,6,2,0,0,0,0,0,0,0,4,23,0,0,0,0,0,0,0,0,0
Chart-5f,0,4,0,0,2,0,0,27,1,0,17,8,0,5,1,0,20,1,0,58,6,0,66,13,0,53,20,0,35,29,0,6,26,0,122,96,0,0,0,0,141,43,0,181,111,0,8,0,0,4,0,0,2,0,0,10,0,0,0,2,0,7,0,0,1,0,0,2,1,0,0,0,0,0,0,0,0,0
Chart-6f,1,1,1,0,0,0,0,6,1,3,2,3,0,0,1,0,0,0,2,6,4,3,8,4,5,5,5,0,0,0,0,0,0,12,18,10,0,0,0,6,16,10,17,19,24,0,2,0,0,2,0,0,0,0,0,2,0,0,0,0,0,0,0,0,0,0,0,0,0,0,0,0,0,0,0,0,0,0
Chart-8f,0,1,0,0,0,0,0,19,3,0,12,10,0,10,1,0,14,5,0,46,7,1,42,24,0,51,17,0,44,24,0,22,12,0,282,165,0,0,0,0,90,52,0,186,86,0,3,0,0,1,1,0,12,0,0,3,2,0,4,7,0,10,0,0,1,0,0,1,0,0,0,0,0,0,0,0,0,0
Cli-12f,0,3,0,0,0,0,0,1,0,0,0,0,0,0,0,0,1,0,5,24,0,2,18,0,0,5,1,3,1,0,2,0,0,11,65,5,0,0,0,2,43,5,0,21,3,0,0,0,0,0,0,0,5,1,0,1,0,1,5,0,0,0,0,0,0,0,0,2,1,0,0,0,0,0,0,0,0,0
Cli-14f,0,1,0,0,0,0,0,18,0,0,12,2,0,2,0,0,11,0,0,93,3,0,123,5,0,14,14,0,8,0,0,3,1,0,120,27,0,0,0,0,239,45,0,90,22,0,4,0,0,3,0,0,3,3,0,1,0,0,10,1,0,8,0,0,6,1,0,1,0,0,0,0,0,0,0,0,0,0
Cli-15f,0,0,0,0,0,0,0,17,0,0,3,0,0,0,0,1,14,0,5,53,4,3,47,4,2,0,2,0,0,0,0,0,0,0,19,2,0,0,0,5,62,16,5,4,7,0,3,0,0,3,0,0,23,4,0,1,0,0,5,0,0,9,0,0,11,1,0,0,0,0,0,0,0,0,0,0,0,0
Cli-18f,0,0,0,0,0,0,0,1,0,0,7,0,0,0,0,0,2,0,2,46,3,1,38,3,0,5,5,0,12,0,0,6,0,3,58,6,0,0,0,1,75,25,0,32,8,0,0,0,0,0,0,0,4,0,0,1,0,0,6,0,1,6,2,0,0,0,0,0,0,0,0,0,0,0,0,0,0,0
Cli-19f,0,0,0,0,0,0,0,1,0,0,7,0,0,0,0,0,2,0,0,46,4,0,39,3,0,5,5,0,12,0,0,6,0,0,61,6,0,0,0,0,76,25,0,30,10,0,0,0,0,0,0,0,4,0,0,1,0,0,6,0,0,7,2,0,0,0,0,0,0,0,0,0,0,0,0,0,0,0
Cli-21f,0,1,0,0,0,0,0,37,1,0,15,7,0,2,0,0,25,1,0,143,30,0,167,29,0,9,26,0,0,8,0,0,4,0,111,53,0,0,0,0,284,102,0,79,61,0,8,2,0,6,2,0,25,8,0,3,0,0,14,5,0,21,1,0,14,5,0,1,0,0,0,0,0,0,0,0,0,0
Cli-22f,0,0,0,0,0,0,0,1,0,0,8,0,0,0,0,0,2,0,4,38,1,2,41,1,0,11,5,0,12,0,0,6,0,0,58,7,0,0,0,4,87,15,3,47,14,0,0,0,0,0,0,0,2,0,0,1,0,0,6,0,2,6,0,0,0,0,0,0,0,0,0,0,0,0,0,0,0,0
Cli-23f,0,4,1,0,0,0,0,14,6,0,23,1,0,4,3,0,17,0,0,131,10,1,89,20,1,67,25,0,30,14,1,12,9,0,127,91,0,0,0,1,170,68,3,186,183,0,0,0,0,0,0,0,9,4,0,1,4,0,47,6,0,17,2,0,8,0,0,1,3,0,0,0,0,0,0,0,0,0
Cli-24f,0,4,1,0,0,0,0,14,5,0,23,1,0,4,3,0,17,0,2,130,8,0,92,20,2,71,24,2,35,11,3,14,7,2,129,92,0,0,0,1,170,73,38,199,151,0,0,0,0,0,0,1,9,3,0,1,3,0,48,4,0,18,1,0,8,0,0,1,3,0,0,0,0,0,0,0,0,0
Cli-25f,0,4,1,0,0,0,0,15,4,0,23,1,0,4,3,0,17,0,0,132,8,0,92,20,1,71,24,0,34,10,0,15,7,2,138,83,0,0,0,0,173,71,22,191,171,0,0,0,0,0,0,1,9,3,0,1,3,0,48,4,0,17,2,0,8,0,0,1,3,0,0,0,0,0,0,0,0,0
Cli-26f,0,0,0,0,0,0,0,18,0,2,8,0,0,0,0,0,2,0,0,3,0,0,4,0,0,6,1,0,0,0,0,0,0,0,65,10,0,0,0,0,6,0,0,28,0,0,0,0,0,0,0,0,0,0,0,18,0,0,0,0,0,0,0,0,0,0,0,0,0,0,0,0,0,0,0,0,0,0
Cli-29f,0,0,0,0,0,0,0,5,0,0,0,0,0,0,0,0,0,0,0,12,0,3,10,1,0,3,0,0,8,0,1,3,0,11,34,2,0,0,0,3,21,7,0,10,2,0,0,0,0,0,0,0,1,0,0,0,0,0,4,0,0,0,0,0,5,0,0,0,0,0,0,0,0,0,0,0,0,0
Cli-2f,0,1,0,0,0,0,0,1,0,0,8,0,0,0,0,0,2,0,0,43,6,0,38,4,0,8,5,0,12,0,0,6,0,0,67,4,0,0,0,0,80,21,0,35,17,0,0,0,0,0,0,0,4,0,0,1,0,0,5,1,0,8,1,0,0,0,0,0,0,0,0,0,0,0,0,0,0,0
Cli-31f,0,4,1,0,0,0,0,69,4,0,38,1,0,7,4,0,23,4,0,192,14,0,191,18,0,117,10,0,36,24,0,20,10,0,362,85,0,0,0,0,360,45,0,401,107,0,14,1,0,6,0,0,12,4,0,25,0,0,66,5,0,35,1,0,20,0,0,1,3,0,1,0,0,0,1,0,0,0
Cli-32f,0,3,0,0,0,0,0,13,7,0,24,1,0,3,4,0,17,0,0,139,7,0,95,19,3,63,24,1,32,11,1,13,8,0,123,67,0,0,0,0,158,71,18,185,157,0,0,0,0,0,0,0,10,3,0,1,3,0,48,5,0,19,2,0,9,0,0,1,2,0,0,0,0,0,0,0,0,0
Cli-33f,0,3,0,0,0,0,0,13,8,0,24,1,0,3,4,0,19,0,0,143,7,0,99,19,0,70,23,0,32,12,0,14,8,0,121,78,0,0,0,0,163,72,0,225,147,0,0,0,0,0,0,0,11,3,0,1,4,0,49,5,0,19,2,0,9,0,0,1,2,0,0,0,0,0,0,0,0,0
Cli-34f,0,0,0,0,0,0,0,52,1,0,15,0,0,3,1,0,6,4,0,46,11,0,75,12,0,29,2,0,1,15,0,2,6,5,179,46,0,0,0,0,135,17,4,100,20,0,14,1,0,6,0,0,2,1,0,21,0,0,14,3,0,16,0,0,11,0,0,0,0,0,1,0,0,0,1,0,0,0
Cli-36f,0,0,0,0,0,0,0,24,0,0,0,1,0,0,0,0,12,0,0,77,1,0,32,0,0,0,3,0,0,0,0,0,0,0,15,2,0,0,0,0,52,12,0,6,6,0,4,0,0,3,0,0,10,4,0,9,0,0,18,0,0,8,0,0,11,0,0,0,0,0,0,0,0,0,0,0,0,0
Cli-37f,0,2,0,0,0,0,0,15,1,0,43,1,0,0,0,0,9,0,0,116,6,0,141,15,0,20,3,0,20,0,0,9,1,0,239,47,0,0,0,0,252,78,0,66,26,0,8,0,0,3,1,0,7,2,0,4,0,0,14,4,0,10,8,0,1,0,0,0,1,0,0,0,0,0,0,0,0,0
Cli-39f,0,0,0,0,0,0,2,14,2,0,0,0,0,0,0,0,16,0,1,26,7,1,19,0,0,0,0,0,0,0,0,0,0,0,11,0,0,0,0,0,13,1,0,0,0,0,0,0,0,0,0,0,1,0,2,13,2,0,0,11,0,0,0,0,0,0,0,0,0,0,0,0,0,0,0,0,0,0
Cli-3f,0,0,0,0,0,0,4,18,3,0,0,7,0,0,0,1,5,2,7,12,15,2,19,3,0,0,0,0,0,0,0,0,0,8,0,3,0,0,0,3,10,3,0,0,0,0,0,0,0,0,0,0,0,1,8,5,4,0,0,12,0,0,0,0,0,0,0,0,0,0,0,0,0,0,0,0,0,0
Cli-40f,0,0,0,0,0,0,0,15,2,0,0,0,0,0,0,2,16,0,2,27,8,0,19,1,0,0,0,0,0,0,0,0,0,0,11,0,0,0,0,0,13,1,0,0,0,0,0,0,0,0,0,0,1,0,0,15,2,0,0,13,0,0,0,0,0,0,0,0,0,0,0,0,0,0,0,0,0,0
Cli-5f,0,0,0,0,0,0,1,4,0,0,0,0,0,0,0,0,0,0,0,12,0,1,9,0,0,0,0,0,4,0,0,2,0,0,25,0,0,0,0,0,17,4,0,0,0,0,0,0,0,0,0,0,0,0,0,0,0,0,4,0,0,0,0,1,4,0,0,0,0,0,0,0,0,0,0,0,0,0
Cli-8f,0,4,1,0,0,0,0,11,7,0,19,5,0,4,3,0,15,3,3,105,28,1,67,36,0,66,24,0,29,11,1,11,8,2,117,94,0,0,0,1,137,86,6,185,169,0,0,0,0,0,0,1,7,5,0,1,2,3,39,10,0,14,2,0,7,1,0,1,3,0,0,0,0,0,0,0,0,0
Closure-104f,0,0,0,0,0,0,0,40,2,0,0,2,0,0,1,0,15,0,3,53,20,3,44,29,0,0,6,0,0,0,0,0,0,0,71,42,0,2,4,7,85,54,0,7,17,0,11,1,0,13,0,0,3,0,0,16,2,0,12,11,0,1,1,0,1,0,0,0,0,0,0,0,0,0,0,0,0,0
Closure-106f,0,0,0,0,0,0,0,76,11,0,29,9,0,0,0,0,11,2,0,62,13,0,140,22,0,3,18,0,4,4,0,0,4,0,420,244,0,0,0,0,244,73,0,10,74,0,44,3,0,33,8,0,1,1,0,2,0,0,0,2,0,48,10,0,2,0,0,0,0,0,0,0,0,0,0,0,0,0
Closure-109f,0,1,1,0,0,0,1,80,105,0,18,147,0,0,0,0,11,9,9,178,560,6,164,450,0,12,103,0,13,23,0,5,13,0,124,470,0,0,0,16,195,811,1,66,393,0,4,5,0,2,5,0,11,32,1,51,88,0,3,25,0,12,15,0,4,18,0,0,0,0,3,4,0,21,75,0,0,0
Closure-128f,0,0,6,0,0,1,0,0,24,0,8,262,0,0,3,0,0,14,0,6,249,0,10,402,0,1,177,0,0,48,0,0,24,0,10,1302,0,0,12,0,20,862,0,19,693,0,0,8,0,0,2,0,0,44,0,0,5,0,2,82,0,1,9,0,0,7,0,0,3,0,1,2,0,1,117,0,0,0
Closure-129f,0,0,0,0,0,0,0,0,0,0,6,5,0,0,0,0,2,0,0,8,5,0,17,9,0,0,1,0,0,0,0,0,0,0,10,12,0,0,0,0,30,15,0,2,2,0,0,0,0,0,0,0,1,0,0,0,0,0,4,2,0,2,0,0,0,0,0,0,0,0,0,0,0,0,0,0,0,0
Closure-12f,0,0,0,0,0,0,1,6,0,0,10,9,0,0,0,0,4,0,2,41,7,2,25,9,0,0,12,0,0,0,0,0,0,3,10,15,0,0,0,1,42,23,0,16,32,0,2,0,1,0,0,0,2,2,0,3,0,0,14,2,0,2,0,0,1,0,0,0,0,0,1,0,0,10,1,0,0,0
Closure-131f,0,1,0,0,0,0,0,5,0,0,0,0,0,0,0,0,0,0,1,49,1,0,90,18,0,25,1,0,0,0,0,0,0,0,685,119,0,0,0,0,209,53,0,83,21,0,4,0,0,2,0,0,0,0,0,0,0,0,0,0,0,0,0,0,0,0,0,0,0,0,7,0,0,55,39,0,0,0
Closure-139f,0,0,0,0,0,0,0,0,0,0,6,0,0,0,0,0,8,2,0,0,3,0,1,1,0,0,1,0,0,0,0,0,0,0,15,0,0,0,0,0,3,2,0,2,2,0,0,0,0,0,0,0,0,0,0,0,0,0,0,2,0,2,0,0,0,0,0,0,0,0,0,0,0,0,0,0,0,0
Closure-140f,0,5,0,0,0,0,0,73,7,2,60,59,0,3,0,0,56,11,1,160,66,2,121,63,0,26,6,0,4,0,0,2,0,1,231,146,0,0,0,1,196,100,1,92,35,0,5,3,0,5,2,0,17,4,0,48,9,0,6,14,0,49,15,0,7,0,0,0,0,0,0,0,0,0,0,0,0,0
Closure-141f,0,2,1,0,0,0,2,234,19,0,42,10,0,24,4,0,40,1,10,389,65,8,350,62,0,47,15,0,16,4,0,8,2,22,1275,350,0,0,0,14,675,177,0,145,103,1,89,8,0,55,5,0,16,5,0,24,0,4,84,55,0,6,2,1,53,8,0,2,0,0,23,0,1,294,256,0,0,0
Closure-147f,0,0,0,0,0,0,0,10,0,0,5,1,0,0,0,0,4,1,0,41,1,1,61,4,1,7,0,0,0,0,0,0,0,6,109,18,0,0,0,1,104,20,4,22,6,0,5,0,0,2,0,0,0,0,0,3,0,0,11,0,0,5,2,0,0,0,0,0,0,0,0,0,0,0,0,0,0,0
Closure-148f,1,2,3,0,0,1,0,66,42,0,62,12,0,1,0,0,20,7,4,269,29,3,293,70,2,99,52,2,57,25,2,20,20,6,588,334,0,6,0,5,587,195,6,340,266,0,0,0,0,0,0,0,30,4,0,64,41,0,62,3,0,12,4,0,1,0,1,2,2,0,17,0,1,90,99,0,0,0
Closure-152f,0,1,0,0,0,0,0,56,24,0,10,11,0,4,0,0,10,6,0,117,121,0,142,134,0,12,22,0,0,0,0,0,0,0,196,197,0,0,3,0,257,285,0,48,88,0,21,8,0,9,5,0,9,14,0,19,11,0,25,19,0,14,7,0,5,3,0,1,0,0,0,0,0,0,0,0,0,0
Closure-164f,0,0,1,0,0,0,2,13,3,0,0,1,0,0,1,0,4,0,1,33,10,10,69,21,0,0,14,0,2,6,0,0,4,18,69,21,0,0,0,9,99,42,2,18,36,2,10,0,0,3,0,0,1,0,0,1,1,0,13,2,0,2,2,0,0,1,0,0,1,0,0,0,0,0,0,0,0,0
Closure-167f,0,0,0,0,0,0,0,122,64,0,3,5,0,1,0,0,10,9,0,146,148,0,178,148,0,13,43,0,0,0,0,0,0,0,313,213,0,0,0,0,373,234,0,58,166,0,58,8,0,16,5,0,12,45,0,39,57,0,23,43,0,13,0,0,4,0,0,0,0,0,4,0,0,28,0,0,0,0
Closure-173f,0,0,12,0,0,1,0,9,62,0,11,299,0,2,1,0,4,15,0,35,406,0,37,555,0,25,191,0,11,77,0,5,39,0,110,1507,0,2,13,0,80,1128,0,75,789,0,0,11,0,0,4,0,4,76,0,1,45,0,15,138,0,3,10,0,3,5,0,0,8,0,2,6,0,2,147,0,0,0
Closure-175f,0,2,0,0,2,0,0,44,3,0,17,2,0,4,0,0,9,4,0,119,1,0,168,4,0,69,3,0,112,4,0,57,1,0,255,65,0,0,0,0,327,11,0,280,8,0,7,3,0,8,0,0,16,0,0,26,0,0,26,2,0,8,0,0,0,0,0,2,0,0,2,0,0,8,0,0,0,0
Closure-19f,0,0,0,0,0,0,0,15,6,0,3,0,0,0,0,0,5,0,0,25,14,0,23,15,0,0,4,0,0,0,0,0,0,0,6,3,0,0,0,0,28,15,0,4,12,0,0,0,0,0,0,0,4,0,0,9,7,0,0,2,0,6,2,0,0,0,0,0,0,0,2,0,1,4,0,0,0,0
Closure-22f,0,0,0,0,0,0,0,0,0,0,5,9,0,0,0,0,2,0,1,21,14,1,17,12,0,0,4,0,0,0,0,0,0,0,13,37,0,0,0,1,36,30,0,6,10,0,0,0,0,0,0,0,2,2,0,0,0,0,1,6,0,4,0,0,0,0,0,0,0,0,0,0,0,0,0,0,0,0
Closure-27f,0,7,1,0,0,0,1,66,8,0,76,7,0,0,0,1,38,7,3,94,9,0,47,5,0,22,5,0,0,0,0,0,0,0,384,127,0,0,0,0,99,31,0,92,16,0,4,0,0,4,0,0,13,3,1,58,8,0,0,2,0,0,0,0,0,0,0,0,0,0,2,0,0,79,40,0,0,0
Closure-28f,0,0,0,0,0,0,0,2,0,0,1,0,0,2,0,0,1,0,0,2,0,0,0,0,0,1,0,0,0,0,0,0,0,0,5,1,0,0,0,0,0,0,0,1,3,0,0,0,0,0,0,0,1,0,0,0,0,0,0,0,0,0,0,0,0,0,0,0,0,0,0,0,0,0,0,0,0,0
Closure-30f,0,0,0,0,0,0,1,11,2,0,16,13,0,0,0,0,9,3,1,88,18,1,55,26,0,0,10,0,0,0,0,0,0,3,48,35,0,0,0,1,90,58,0,20,20,0,3,1,1,3,2,0,9,1,0,3,1,0,13,20,0,6,2,0,0,0,0,0,0,0,1,0,1,8,19,0,0,0
Closure-33f,0,2,0,0,0,0,0,58,3,0,4,5,0,2,0,0,3,0,1,111,28,1,139,26,0,3,7,0,4,0,0,2,0,0,141,49,0,0,0,1,210,72,0,30,10,0,21,3,0,11,5,0,11,0,0,14,3,0,10,2,0,7,4,0,7,0,0,2,0,0,0,0,0,0,0,0,0,0
Closure-39f,0,2,0,0,0,0,0,59,2,0,5,4,0,1,1,0,3,0,0,105,26,1,131,26,0,3,7,0,4,0,0,2,0,0,138,52,0,0,0,1,193,69,0,30,10,0,22,2,0,10,6,0,10,0,0,15,2,0,10,1,0,7,4,0,7,0,0,2,0,0,0,0,0,0,0,0,0,0
Closure-42f,0,0,0,0,0,0,0,39,70,0,17,10,0,22,66,0,9,3,0,46,27,0,31,15,0,13,11,0,7,5,0,3,3,0,201,408,0,0,0,0,45,18,0,47,49,0,1,0,0,0,1,0,7,4,0,13,3,0,3,5,0,13,3,0,0,2,0,0,0,0,2,0,0,90,13,0,0,0
Closure-49f,0,0,0,0,0,0,0,2,2,1,3,13,0,0,0,0,3,0,4,16,25,3,10,25,0,0,0,0,0,0,0,0,0,6,12,20,0,0,0,7,20,36,0,0,0,0,0,0,0,0,1,0,2,0,0,1,0,3,5,5,0,2,0,0,1,1,0,0,0,0,2,0,0,5,2,0,0,0
Closure-50f,0,2,0,0,0,0,2,28,26,4,23,14,0,0,0,0,2,0,10,185,10,11,190,47,2,46,16,8,41,11,2,19,9,15,292,139,0,0,0,12,362,118,9,156,91,0,0,0,0,0,0,1,20,2,2,27,24,2,46,1,0,0,0,0,1,2,0,0,2,0,1,0,0,2,0,0,0,0
Closure-52f,0,5,1,0,0,1,0,11,12,0,20,239,0,2,1,0,2,15,1,56,187,2,66,326,0,46,112,0,25,23,0,12,12,5,212,1279,0,11,1,2,131,700,0,154,478,0,2,5,0,0,2,0,9,35,0,0,5,0,22,50,0,2,2,0,7,0,0,2,1,0,3,0,0,12,99,0,0,0
Closure-54f,0,1,0,0,0,0,0,58,29,0,10,49,0,4,1,0,12,14,0,135,173,0,156,152,0,10,25,0,0,0,0,0,0,0,174,196,0,0,3,0,277,305,0,43,97,0,18,6,0,7,7,0,5,19,0,23,16,0,24,27,0,18,14,0,4,6,0,1,0,0,0,0,0,0,0,0,0,0
Closure-65f,0,4,2,0,0,1,0,11,12,0,18,241,0,2,1,0,2,15,0,49,194,0,46,346,0,40,118,0,13,35,0,7,17,0,165,1321,0,8,4,0,95,733,0,127,505,0,1,6,0,0,2,0,8,36,0,0,5,1,21,50,0,2,2,0,6,1,0,1,2,0,3,0,1,9,101,0,0,0
Closure-73f,0,1,5,0,0,1,0,3,20,0,6,252,0,0,3,0,1,16,0,17,224,0,18,372,0,10,148,0,0,48,0,0,24,0,29,1457,0,0,12,0,36,791,0,48,584,0,0,7,0,0,2,0,2,41,0,0,5,0,6,66,0,1,2,0,2,5,0,0,3,0,3,0,0,4,107,0,0,0
Closure-75f,0,1,6,0,0,0,0,19,364,0,7,51,0,1,27,0,6,32,0,27,661,0,28,612,0,21,65,0,0,20,0,0,10,0,163,2144,0,0,3,0,78,1302,0,49,295,0,10,145,0,0,98,0,3,32,0,5,45,0,3,206,0,0,0,0,2,88,0,0,5,0,3,33,0,3,745,0,0,0
Closure-77f,0,1,4,0,0,1,0,2,17,0,5,250,0,0,1,0,1,16,0,16,222,0,20,356,0,10,135,0,1,47,0,0,24,0,37,1422,0,0,12,0,40,748,0,46,534,0,0,5,0,0,2,0,2,41,0,0,5,0,7,67,0,1,2,0,2,5,0,0,3,0,3,0,0,2,109,0,0,0
Closure-7f,0,0,0,0,0,0,0,14,7,0,2,1,0,0,0,0,5,0,0,22,17,0,22,16,0,0,4,0,0,0,0,0,0,0,6,3,0,0,0,0,28,15,0,4,12,0,0,0,0,0,0,0,3,1,0,8,8,0,0,2,0,6,2,0,0,0,0,0,0,0,2,0,0,5,0,0,0,0
Closure-80f,0,1,8,0,0,0,0,18,359,0,6,53,0,0,28,0,6,32,0,22,662,0,29,609,0,26,63,0,0,20,0,0,10,0,155,2172,0,0,3,0,79,1300,0,78,278,0,11,144,0,0,97,0,3,31,0,5,40,0,5,203,0,0,0,0,1,88,0,0,7,0,1,35,0,1,745,0,0,0
Closure-81f,0,0,0,0,0,0,0,15,156,0,2,17,0,1,152,0,9,2,0,28,34,0,9,23,0,5,13,0,0,12,0,0,6,0,19,1002,0,0,0,0,12,36,0,6,66,0,0,1,0,0,1,0,4,7,0,12,2,0,0,11,0,6,5,0,0,0,0,0,0,0,1,0,0,34,66,0,0,0
Closure-82f,0,0,0,0,0,0,0,91,23,0,3,0,0,1,0,0,7,7,0,84,37,0,125,21,0,7,2,0,0,0,0,0,0,0,234,43,0,0,0,0,269,56,0,31,5,0,49,7,0,13,4,0,7,5,0,29,15,0,17,7,0,9,0,0,2,0,0,0,0,0,2,0,0,5,1,0,0,0
Closure-85f,0,0,0,0,0,0,0,2,3,0,10,1,0,0,0,0,3,0,1,37,2,1,36,9,0,0,1,0,0,0,0,0,0,0,51,21,0,0,0,1,61,17,0,2,2,0,0,0,0,0,0,1,3,0,0,1,4,0,5,1,0,5,1,0,0,0,0,0,0,0,2,0,0,6,0,0,0,0
Closure-94f,0,1,3,0,0,0,0,11,280,0,5,42,0,0,28,0,6,26,0,16,475,0,15,445,0,23,44,0,0,20,0,0,10,0,110,1709,0,0,3,0,39,939,0,84,184,0,4,117,0,0,76,0,3,19,0,4,35,0,5,157,0,0,0,0,0,58,0,0,2,0,0,25,0,0,634,0,0,0
Closure-99f,0,0,0,0,0,0,0,8,0,0,1,0,0,0,0,0,0,0,1,29,1,1,58,3,0,7,0,0,0,0,0,0,0,0,109,8,0,0,0,1,98,20,0,22,6,0,5,0,0,2,0,0,0,0,0,1,0,0,6,1,0,4,1,0,0,0,0,0,0,0,0,0,0,0,0,0,0,0
Codec-11f,0,5,0,0,0,0,3,23,0,5,7,0,3,1,0,0,10,0,4,42,6,12,56,2,12,37,3,8,24,0,5,11,0,63,154,19,0,5,1,11,111,17,14,139,55,0,1,0,0,0,0,0,20,0,0,8,0,0,0,6,0,1,0,0,9,0,0,2,3,0,0,0,0,0,0,0,0,0
Codec-12f,0,0,0,0,0,0,1,6,1,0,1,1,2,2,1,1,2,1,0,1,6,5,21,10,4,21,6,4,10,2,2,4,2,10,73,25,0,0,0,6,54,26,20,66,38,0,1,0,0,0,0,0,4,1,0,0,0,0,0,0,0,3,0,0,0,0,0,0,0,0,0,0,0,0,0,0,0,0
Codec-15f,0,3,0,0,0,0,0,11,0,0,1,0,0,4,0,0,4,0,0,19,0,0,32,0,0,28,0,0,8,0,0,4,0,0,131,0,0,0,0,0,76,0,0,108,4,0,0,0,0,0,0,0,5,0,0,2,0,0,2,0,0,5,0,0,4,0,0,1,2,0,0,0,0,0,0,0,0,0
Codec-16f,0,5,0,0,0,0,0,1,0,0,3,0,0,0,0,0,9,0,0,19,3,0,62,0,0,217,2,0,288,0,0,144,0,0,1002,0,0,135,0,0,147,0,0,867,9,0,1,0,0,0,0,0,0,0,0,0,0,0,5,5,0,84,0,0,0,0,0,3,0,0,2,0,0,11,0,0,0,0
Codec-17f,0,0,0,0,0,0,0,27,0,0,0,0,0,0,0,0,4,0,0,26,2,0,18,2,0,0,0,0,0,0,0,0,0,0,15,6,0,0,0,0,14,4,0,0,0,0,3,0,0,3,0,0,1,1,0,11,0,0,0,3,0,0,0,0,9,0,0,0,0,0,0,0,0,0,0,0,0,0
Codec-18f,0,0,0,0,0,0,0,27,0,0,0,0,0,0,0,0,4,0,0,27,1,1,21,2,0,0,0,0,0,0,0,0,0,4,22,4,0,0,0,2,21,5,0,0,0,0,3,0,0,2,0,0,1,0,0,11,0,0,0,3,0,0,0,0,9,0,0,0,0,0,0,0,0,0,0,0,0,0
Codec-3f,0,51,1,0,0,0,1,58,1,1,87,2,0,23,1,0,2,0,10,183,24,17,359,38,6,210,59,29,507,40,13,245,30,107,2191,226,0,0,0,26,778,223,7,825,268,0,22,0,1,13,1,0,10,18,0,1,0,0,3,0,0,2,0,0,7,0,0,43,9,0,1,0,0,26,2,0,0,0
Codec-4f,0,7,0,0,0,0,0,38,0,0,19,0,0,2,0,0,11,1,0,48,0,0,148,0,0,171,0,0,240,0,0,120,0,0,826,0,0,45,0,0,298,0,0,683,1,0,6,0,0,3,0,0,18,0,0,22,0,0,7,0,0,55,0,0,3,0,0,5,0,0,4,0,0,12,0,0,0,0
Codec-6f,0,0,0,0,0,0,0,4,1,0,0,3,0,2,1,0,4,1,0,1,4,0,19,11,0,15,9,0,8,0,0,4,0,0,64,22,0,0,0,0,45,26,0,64,32,0,1,0,0,0,0,0,2,1,0,0,0,0,0,0,0,5,0,0,0,0,0,0,0,0,0,0,0,0,0,0,0,0
Codec-7f,0,7,0,0,0,0,0,38,0,0,20,0,0,2,0,0,11,1,0,43,5,0,151,1,0,168,5,0,241,3,0,120,2,1,812,12,0,45,0,0,297,7,1,659,32,0,6,0,0,3,0,0,18,0,0,22,0,0,3,4,0,54,1,0,3,0,0,5,0,0,4,0,0,11,1,0,0,0
Codec-9f,0,7,0,0,0,0,0,40,0,0,17,0,0,2,0,0,12,0,0,48,1,0,144,0,0,170,1,0,248,0,0,124,0,0,798,1,0,45,0,0,294,2,0,679,5,0,8,0,0,5,0,0,18,0,0,22,0,0,7,0,0,51,0,0,3,0,0,5,0,0,4,0,0,12,0,0,0,0
Compress-11f,0,0,0,0,0,0,0,17,1,0,4,2,0,0,0,0,30,2,0,24,6,1,44,3,0,4,3,0,0,0,0,0,0,4,15,5,0,0,0,1,77,22,0,4,24,0,0,0,0,0,0,0,0,0,0,17,1,0,0,6,0,0,0,0,0,0,0,0,0,0,0,0,0,0,0,0,0,0
Compress-14f,0,15,0,0,0,0,0,12,2,0,3,0,0,9,1,0,13,0,0,33,9,0,59,3,0,129,27,0,117,11,0,58,6,0,258,20,0,24,0,0,142,13,0,443,181,0,1,0,0,0,0,0,1,1,0,0,0,0,1,28,0,0,0,0,1,1,0,9,4,0,0,0,0,0,0,0,0,0
Compress-15f,0,2,0,0,0,0,0,24,3,0,24,6,0,6,1,0,13,3,0,81,17,0,98,11,0,21,4,0,0,0,0,0,0,0,181,39,0,12,0,0,151,32,0,75,25,0,4,1,0,1,1,0,7,0,0,11,0,0,3,6,0,19,8,0,1,0,0,0,0,0,0,0,0,0,0,0,0,0
Compress-16f,0,0,0,0,0,0,0,17,1,0,4,2,0,0,0,0,30,2,0,26,5,1,45,4,0,4,3,0,0,0,0,0,0,0,15,9,0,0,0,1,80,24,0,4,24,0,0,0,0,0,0,0,0,0,0,17,1,0,0,6,0,0,0,0,0,0,0,0,0,0,0,0,0,0,0,0,0,0
Compress-17f,0,16,2,0,2,0,0,18,5,0,9,0,0,12,3,0,13,4,0,52,20,1,99,12,1,170,67,1,181,30,1,86,19,1,436,84,0,14,4,1,236,43,1,590,361,0,2,0,0,0,0,0,5,2,0,0,0,0,3,36,0,0,0,0,2,2,0,10,5,0,0,0,0,0,0,0,2,0
Compress-18f,0,1,0,0,0,0,0,4,1,0,34,10,0,3,0,0,21,4,1,74,30,1,68,15,0,65,27,0,49,35,0,17,25,0,252,106,0,2,1,1,161,48,0,224,144,0,0,0,0,0,0,0,5,0,0,1,0,1,19,22,0,25,5,0,0,1,0,0,0,0,0,0,0,0,0,0,0,0
Compress-19f,3,11,2,0,0,0,0,11,0,0,6,0,0,1,0,0,17,1,0,12,1,1,59,0,9,30,1,0,40,0,0,20,0,7,198,1,0,0,0,11,81,2,20,125,15,0,0,0,0,0,0,0,0,0,0,10,0,0,0,4,0,20,1,0,0,0,4,9,3,0,0,0,0,0,0,0,0,0
Compress-1f,0,1,1,0,0,0,0,0,0,18,46,9,0,0,0,0,13,1,7,40,42,3,33,16,2,26,27,6,43,11,4,17,9,90,260,192,2,1,12,7,65,42,6,99,115,0,0,0,0,0,0,0,1,0,0,0,0,1,2,8,0,9,6,0,0,0,0,0,0,0,2,0,0,8,8,0,0,0
Compress-24f,0,16,2,0,2,0,0,18,5,0,9,0,0,12,3,0,13,4,0,52,21,0,99,11,0,170,68,0,176,28,0,83,19,0,417,83,0,14,4,0,229,46,3,581,368,0,2,0,0,0,0,0,5,2,0,0,0,0,3,36,0,0,0,0,2,2,1,10,3,0,0,0,0,0,0,0,2,0
Compress-27f,0,17,1,0,2,0,0,20,3,0,9,0,0,14,1,0,12,4,0,52,20,1,95,12,1,175,56,0,189,15,0,92,10,0,428,72,0,15,3,1,230,39,2,606,320,0,2,0,0,0,0,0,5,2,0,0,0,0,3,36,0,0,0,0,2,2,1,10,3,0,0,0,0,0,0,0,2,0
Compress-2f,0,0,0,0,0,0,0,12,7,0,1,0,0,3,1,0,8,1,3,19,4,7,34,15,8,29,7,8,7,5,5,3,2,3,211,54,0,0,3,11,80,41,24,72,80,0,4,5,0,1,0,0,3,1,0,2,0,1,1,2,2,3,6,0,0,0,0,0,0,0,0,0,0,0,0,0,0,0
Compress-31f,0,17,1,0,1,1,0,20,3,0,9,0,0,11,4,0,12,4,0,50,22,0,88,20,0,169,63,0,183,21,0,88,14,0,395,105,0,14,4,0,213,57,0,576,352,0,2,0,0,0,0,0,5,2,0,0,0,0,3,36,0,0,0,0,2,2,0,10,4,0,0,0,0,0,0,0,2,0
Compress-34f,0,8,0,0,0,0,0,13,1,0,6,1,0,2,1,0,4,0,0,31,3,0,13,1,0,34,7,0,40,4,0,20,2,0,75,19,0,0,0,0,25,6,0,119,45,0,2,0,0,0,0,0,9,1,0,7,1,0,5,0,0,8,0,0,1,0,0,7,0,0,0,0,0,0,0,0,0,0
Compress-35f,0,17,0,0,1,1,0,20,3,0,9,0,0,12,3,0,12,4,1,50,22,0,86,12,0,172,52,0,183,9,0,91,5,1,411,60,0,14,4,0,207,38,0,594,302,0,2,0,0,0,0,0,5,2,0,0,0,0,3,36,0,0,0,0,2,2,0,9,4,0,0,0,0,0,0,0,2,0
Compress-39f,0,5,1,0,0,0,0,19,0,0,0,0,0,0,0,0,4,4,0,25,2,0,37,5,0,47,8,0,16,0,0,8,0,0,125,41,0,0,0,0,79,18,0,166,54,0,11,0,0,9,0,0,5,1,0,1,0,0,8,0,0,0,0,0,4,0,0,2,1,0,0,0,0,0,0,0,0,0
Compress-3f,0,0,0,0,0,0,0,2,0,0,18,3,0,1,0,0,8,2,0,20,11,1,27,2,0,42,17,0,35,21,0,13,15,3,84,39,0,0,0,1,57,17,0,125,111,0,0,0,0,0,0,0,0,0,0,1,0,0,0,19,1,15,7,0,0,0,0,0,0,0,0,0,0,0,0,0,0,0
Compress-41f,0,0,11,0,0,0,0,12,19,0,4,58,0,1,15,3,5,27,0,15,213,4,37,201,1,11,186,0,2,154,0,0,78,8,100,553,0,0,3,10,83,484,2,49,741,0,6,3,0,1,1,0,1,30,0,0,2,0,0,4,0,10,15,0,0,0,0,0,11,0,0,0,0,0,0,0,0,0
Compress-42f,0,4,0,0,0,0,0,37,3,0,25,10,0,9,1,0,11,3,0,95,23,0,112,19,0,36,3,0,20,0,0,10,0,0,232,36,0,15,0,0,168,46,0,121,35,0,5,1,0,1,1,0,5,3,0,20,0,0,0,9,0,24,7,0,1,0,0,0,0,0,0,0,0,0,0,0,0,0
Compress-44f,0,0,0,0,0,0,0,6,0,0,2,0,0,5,0,0,0,2,0,5,0,2,8,0,0,9,0,0,0,0,0,0,0,0,13,0,0,0,0,0,15,2,0,28,8,0,0,0,0,0,0,0,2,0,0,0,0,0,0,0,0,2,0,0,0,0,0,0,0,0,0,0,0,0,0,0,0,0
Compress-45f,0,17,0,0,1,1,0,19,4,0,9,0,0,11,4,0,12,6,0,51,28,1,86,15,0,166,63,0,172,24,0,84,14,3,373,101,0,13,5,1,208,46,2,582,332,0,2,0,0,0,0,0,5,2,0,0,0,0,3,41,0,0,0,0,2,2,0,9,4,0,0,0,0,0,0,0,2,0
Compress-46f,0,6,2,0,0,0,0,23,1,0,10,2,0,1,1,0,10,0,0,41,6,1,94,3,1,33,9,0,36,4,0,18,2,0,288,49,0,40,5,1,125,23,0,108,64,0,5,0,0,3,0,0,0,2,0,14,0,0,13,2,0,17,2,0,1,0,0,5,3,0,0,0,0,0,0,0,0,0
Compress-47f,0,0,11,0,0,0,0,14,18,0,3,63,0,1,15,0,8,28,2,18,225,5,43,218,0,12,189,0,2,154,0,0,78,5,120,561,0,0,3,8,105,512,0,53,751,1,5,4,0,1,1,0,1,32,0,1,1,0,0,4,0,12,13,0,0,0,0,0,11,0,0,1,0,0,4,0,0,0
Compress-4f,0,0,3,0,0,0,0,8,2,29,80,83,0,1,0,1,31,19,5,137,179,6,123,117,5,87,131,10,79,155,6,33,83,25,391,612,0,2,10,14,255,242,35,292,565,0,2,0,0,0,2,0,3,1,0,4,0,0,5,49,5,65,36,0,1,0,0,0,0,0,2,0,0,12,4,0,0,0
Compress-6f,0,0,0,0,0,0,0,19,3,0,19,8,0,5,1,0,9,2,0,51,11,0,52,7,0,20,4,0,0,0,0,0,0,0,133,22,0,12,0,0,70,12,0,76,20,0,4,1,0,2,1,0,7,0,0,7,0,0,2,2,0,10,6,0,1,0,0,0,0,0,0,0,0,0,0,0,0,0
Compress-7f,0,10,0,0,0,0,0,6,1,0,3,0,0,4,2,0,6,0,0,14,3,0,34,4,0,78,15,0,86,6,0,42,4,1,152,15,1,7,1,1,83,11,0,275,97,0,0,0,0,0,0,0,0,0,0,0,0,0,1,10,0,0,0,0,1,0,0,6,3,0,0,0,0,0,0,0,0,0
Compress-8f,0,14,0,0,0,0,0,8,1,0,3,0,0,6,0,0,9,0,0,20,7,3,43,2,1,96,22,0,101,7,0,49,5,5,178,10,0,9,0,4,108,8,11,338,127,0,0,0,0,0,0,0,0,1,0,0,0,0,1,17,0,0,0,0,1,1,0,9,4,0,0,0,0,0,0,0,0,0
Compress-9f,0,0,0,0,0,0,0,4,0,0,19,3,0,3,0,0,14,2,0,23,10,0,37,5,0,45,14,1,33,22,0,14,14,0,91,44,0,0,0,0,84,21,6,140,90,0,0,0,0,0,0,0,0,0,0,1,0,0,7,12,0,20,5,0,0,0,0,0,0,0,0,0,0,0,0,0,0,0
Csv-10f,0,8,0,0,0,0,0,1,0,1,22,2,0,0,0,0,0,2,0,53,3,0,104,4,0,86,9,0,32,0,0,14,2,0,220,15,0,0,0,0,233,17,0,361,19,0,0,0,0,0,0,0,0,0,0,1,0,0,18,2,0,5,0,0,0,0,0,4,1,0,2,0,0,6,0,0,0,0
Csv-11f,0,1,0,0,0,0,0,11,1,0,13,2,0,2,0,0,17,6,0,36,9,0,43,1,0,9,1,0,4,0,0,2,0,0,21,3,0,0,0,0,66,0,0,38,2,0,1,0,0,1,0,0,4,0,0,6,1,0,6,6,0,7,0,0,2,0,0,0,0,0,1,0,0,5,0,0,0,0
Csv-12f,0,1,0,0,0,0,0,59,1,0,2,0,0,1,1,0,37,1,0,89,15,0,126,13,0,13,21,0,14,74,0,0,44,0,224,153,0,0,0,0,168,38,0,56,80,0,28,0,0,6,0,0,0,0,0,20,0,0,35,19,0,12,1,0,7,0,0,0,0,0,0,0,0,0,0,0,0,0
Csv-13f,0,10,1,0,0,0,0,73,2,0,24,3,0,1,1,0,39,4,0,160,24,0,246,33,0,113,29,0,38,94,0,14,52,0,453,229,0,0,0,0,415,81,0,449,119,0,28,1,0,7,0,0,0,0,0,32,0,0,64,21,0,19,0,0,7,0,0,3,2,0,2,0,0,5,1,0,0,0
Csv-14f,0,5,2,0,0,0,0,82,3,0,8,0,0,1,1,0,43,4,0,163,16,0,233,34,0,117,34,0,38,90,0,14,50,0,452,209,0,0,0,0,403,71,0,458,146,0,30,1,0,9,0,0,1,0,0,40,1,0,82,7,0,16,0,0,6,0,0,2,2,0,1,0,0,4,0,0,0,0
Csv-2f,0,0,0,0,0,0,0,11,0,0,0,0,0,2,0,1,1,0,0,10,4,0,16,0,0,3,0,0,0,0,0,0,0,12,21,15,0,0,0,0,19,1,0,6,6,0,3,0,0,0,0,0,2,1,0,2,0,0,0,0,0,4,0,0,4,0,0,0,0,0,0,0,0,0,0,0,0,0
Csv-3f,0,0,0,0,0,0,1,17,0,0,1,0,1,9,0,0,1,0,0,24,0,4,38,2,0,23,2,0,8,0,0,4,0,5,144,21,0,0,0,4,89,13,0,76,24,0,8,0,0,0,0,0,0,0,0,0,0,0,0,0,0,8,0,0,0,0,0,0,0,0,1,0,0,11,0,0,0,0
Csv-4f,0,0,0,0,0,0,0,11,0,0,14,2,0,2,0,0,16,2,0,24,8,0,26,8,0,7,0,0,4,0,0,2,0,0,15,0,0,0,0,0,27,14,0,23,5,0,1,0,0,1,0,0,3,0,0,7,0,0,2,3,0,7,0,0,1,0,0,0,0,0,1,0,0,4,1,0,0,0
Csv-5f,0,7,1,0,0,0,0,1,0,0,22,2,0,0,0,0,0,0,0,49,2,0,96,10,2,82,11,0,29,3,1,11,4,1,205,29,0,0,0,1,215,33,2,337,41,0,0,0,0,0,0,0,0,0,0,1,0,0,18,0,0,5,0,0,0,0,0,1,4,0,2,0,0,5,1,0,0,0
Csv-6f,0,0,0,0,0,0,0,14,1,0,0,0,0,2,0,0,4,0,0,18,5,1,17,0,0,5,0,0,0,0,0,0,0,0,43,20,0,0,0,2,22,1,0,12,8,0,3,0,0,0,0,0,5,2,0,4,0,0,0,0,0,4,0,0,5,1,0,0,0,0,0,0,0,0,0,0,0,0
Csv-7f,0,0,0,0,0,0,0,11,1,0,15,1,0,2,0,2,14,6,1,27,12,0,34,0,0,8,0,0,4,0,0,2,0,0,15,0,0,0,0,0,45,0,0,32,0,0,1,0,0,1,0,0,4,0,0,6,1,0,2,7,0,7,0,0,2,0,0,0,0,0,1,0,0,5,0,0,0,0
Csv-8f,0,1,0,0,0,0,0,56,1,0,1,0,0,1,1,2,33,1,4,85,15,2,124,13,1,12,19,0,14,74,0,0,44,2,218,153,0,0,0,2,166,38,4,48,76,0,27,0,0,5,0,0,0,0,0,18,0,0,35,19,0,11,1,0,7,0,0,0,0,0,0,0,0,0,0,0,0,0
Csv-9f,0,0,0,0,0,0,1,14,1,0,0,0,0,2,0,0,4,0,0,18,5,1,21,0,0,5,0,0,0,0,0,0,0,0,43,20,0,0,0,0,29,2,0,12,8,0,3,0,0,0,0,0,5,2,1,4,0,0,0,0,0,4,0,0,5,1,0,0,0,0,0,0,0,0,0,0,0,0
Gson-12f,0,2,1,0,0,0,0,21,1,0,15,3,0,3,0,0,17,1,0,88,14,2,85,3,0,53,11,0,95,21,0,47,11,0,212,39,0,0,0,2,134,33,0,199,57,0,2,0,0,1,0,0,0,0,0,12,0,0,6,29,0,8,3,0,4,1,0,2,1,0,0,0,0,0,0,0,0,0
Gson-2f,0,0,0,0,0,0,0,5,0,0,0,0,0,0,0,0,5,1,0,0,0,0,0,0,0,0,0,0,0,0,0,0,0,0,0,0,0,0,0,0,0,0,0,0,0,0,0,0,0,0,0,0,0,0,0,5,0,0,0,0,0,0,0,0,0,0,0,0,0,0,0,0,0,0,0,0,0,0
Gson-4f,0,15,2,0,2,0,3,88,9,0,66,9,0,39,2,0,62,4,1,270,86,3,427,50,2,441,90,0,433,111,0,210,62,17,1788,302,0,3,0,5,907,228,5,1602,525,0,8,1,0,8,0,0,0,1,3,20,5,1,35,132,1,114,34,0,6,0,0,5,10,0,14,0,1,89,25,0,0,0
Gson-7f,0,14,1,0,2,0,0,76,2,1,23,5,0,38,2,0,47,2,2,243,79,5,364,37,4,402,74,0,408,100,0,197,57,19,1655,259,0,3,0,3,823,173,7,1470,443,0,6,0,0,5,0,0,0,1,0,10,0,0,24,126,2,103,27,0,6,0,0,6,7,0,13,0,0,88,20,0,0,0
Gson-9f,0,1,1,0,0,0,0,13,33,0,56,4,0,1,0,0,32,14,0,65,16,0,112,24,0,43,22,0,46,2,0,24,0,0,199,14,0,0,0,0,202,62,0,155,105,0,3,0,0,3,0,0,0,0,0,10,32,0,12,13,0,21,3,0,0,0,0,0,2,0,1,0,0,5,2,0,0,0
JacksonCore-12f,0,98,38,0,1,0,1,317,88,2,172,229,0,102,29,1,17,22,0,495,304,0,1252,830,2,1604,895,8,781,359,3,367,204,5,4592,2791,0,400,230,0,2838,1951,5,5747,4252,0,24,11,0,17,8,0,44,34,1,80,19,0,43,86,1,310,193,0,86,30,0,87,47,0,28,1,1,167,89,0,0,0
JacksonCore-14f,0,0,0,0,0,0,1,14,0,0,13,8,0,0,0,0,3,0,0,11,0,0,22,0,0,2,3,0,0,0,0,0,0,1,39,33,0,0,0,2,17,0,0,5,15,0,1,0,0,1,0,0,0,0,1,13,0,0,0,0,3,14,3,0,0,0,0,0,0,0,0,0,0,0,0,0,0,0
JacksonCore-15f,0,1,1,0,0,0,0,69,25,0,0,3,0,10,7,0,1,0,3,118,37,7,172,75,0,9,6,0,0,0,0,0,0,0,103,61,0,0,0,8,188,59,0,47,13,0,9,1,0,2,2,0,12,4,0,39,22,0,20,29,2,44,31,0,5,0,0,2,0,0,3,0,0,15,0,0,0,0
JacksonCore-16f,0,1,0,0,0,0,0,8,0,0,4,0,0,1,0,0,3,0,2,8,3,0,23,3,0,6,0,0,8,0,0,4,0,4,40,3,0,0,0,0,42,15,0,20,4,0,1,0,0,1,0,0,1,0,1,3,0,0,0,0,2,4,0,0,0,0,0,0,1,0,0,0,0,0,0,0,0,0
JacksonCore-17f,1,67,21,0,0,0,0,9,7,0,141,64,0,6,9,0,3,3,0,95,65,5,372,155,7,678,265,9,445,186,5,221,94,13,1300,715,0,121,98,8,883,347,25,2523,1252,0,0,0,0,0,0,0,34,20,0,1,0,0,8,14,0,91,26,0,0,0,1,65,23,0,2,0,0,8,0,0,0,0
JacksonCore-18f,0,123,34,0,0,0,0,33,13,1,261,166,0,13,13,0,8,6,3,230,96,3,732,329,13,1282,525,10,889,309,5,448,151,29,2758,1318,0,211,155,6,1686,712,20,4769,2491,0,2,0,0,1,0,0,56,27,0,12,3,0,25,25,0,184,58,0,2,0,0,119,38,0,4,0,0,16,0,0,0,0
JacksonCore-1f,0,19,1,0,1,0,0,63,14,0,25,3,0,27,8,0,11,0,3,75,13,4,181,57,1,235,53,0,272,12,0,127,15,0,450,212,0,0,0,7,336,154,8,835,313,0,5,0,0,6,0,0,9,2,0,19,8,0,5,5,0,58,17,0,2,1,0,13,5,0,0,0,0,0,0,0,0,0
JacksonCore-20f,0,3,0,0,0,0,0,12,8,1,75,17,0,0,2,0,17,2,0,60,22,0,63,15,0,44,8,0,16,0,0,8,0,0,60,23,0,0,9,0,117,18,0,174,34,0,5,0,0,1,0,0,1,1,0,3,4,0,14,3,0,1,0,0,0,0,0,3,0,0,2,0,0,13,3,0,0,0
JacksonCore-22f,0,2,0,0,0,0,3,68,26,0,0,3,0,11,7,0,1,0,4,127,32,15,180,73,1,9,7,4,0,0,2,0,0,9,118,55,0,0,0,17,198,71,2,52,14,1,9,1,0,3,2,1,9,6,3,35,23,1,23,25,3,47,27,0,5,0,0,2,0,0,3,0,0,15,0,0,0,0
JacksonCore-26f,0,71,21,0,0,0,0,293,56,1,51,59,0,25,3,0,0,3,0,279,90,0,547,241,3,1015,280,6,308,146,2,141,87,0,3098,1131,0,404,118,0,1278,664,10,3530,1652,0,10,0,0,6,1,0,59,13,0,231,39,0,0,9,3,226,91,0,18,9,0,79,13,0,16,0,0,173,76,0,0,0
JacksonCore-3f,0,43,19,0,1,0,0,127,44,0,78,132,0,28,11,0,9,12,0,207,166,0,534,360,3,822,436,1,425,134,1,194,85,0,2434,1403,0,325,239,0,1271,772,0,3088,1956,0,9,9,0,5,8,0,23,25,0,72,18,0,16,47,0,144,89,0,8,5,0,42,19,0,18,2,0,105,50,0,0,0
JacksonCore-4f,0,2,0,0,0,0,0,35,3,0,28,0,0,6,0,0,6,0,0,37,1,1,127,6,2,139,16,3,110,3,2,47,9,6,220,83,0,0,0,1,208,30,6,462,160,0,1,0,0,2,0,0,7,0,0,22,3,0,2,0,0,60,16,0,2,1,0,2,0,0,0,0,0,0,0,0,0,0
JacksonCore-5f,0,4,1,0,0,0,0,27,1,0,2,0,0,5,1,0,7,0,0,33,3,0,57,4,0,38,3,0,4,0,0,2,0,0,174,21,0,0,0,0,119,12,0,138,26,0,6,0,0,2,0,0,0,1,0,11,0,0,8,3,0,6,2,0,2,0,0,2,1,0,0,0,0,0,0,0,0,0
JacksonCore-7f,0,0,0,0,0,0,1,18,0,0,2,1,1,5,0,0,6,0,0,21,1,1,32,1,0,13,0,0,12,0,0,6,0,6,170,4,0,0,0,1,52,4,0,44,8,0,0,0,0,0,0,0,0,0,0,11,0,0,15,2,0,17,3,0,2,0,0,0,0,0,0,0,0,0,0,0,0,0
JacksonCore-8f,0,2,0,0,0,0,0,39,1,0,28,0,0,6,0,0,7,0,0,37,2,1,134,5,0,148,14,0,116,0,0,53,5,0,223,90,0,0,0,0,220,30,0,496,152,0,1,0,0,2,0,0,6,1,0,24,1,0,2,0,0,60,18,0,4,1,0,2,0,0,0,0,0,0,0,0,0,0
JacksonDatabind-100f,0,0,0,0,0,0,0,45,0,0,2,1,0,5,1,0,4,0,0,55,5,0,65,7,0,1,0,0,0,0,0,0,0,0,48,8,0,0,0,0,82,14,0,4,0,0,4,0,0,1,1,0,0,0,0,22,0,0,2,3,0,24,2,0,7,0,0,0,0,0,1,0,0,5,0,0,0,0
JacksonDatabind-102f,0,0,0,0,0,0,0,10,1,0,4,3,0,0,0,0,4,1,0,36,16,0,35,15,0,0,6,0,0,0,0,0,0,0,18,22,0,0,0,0,58,31,0,11,13,0,4,0,0,2,0,0,0,2,0,6,1,0,5,3,0,3,0,0,0,0,0,0,0,0,0,0,0,0,0,0,0,0
JacksonDatabind-105f,0,0,0,0,0,0,1,5,1,0,0,0,0,0,0,0,4,0,0,1,1,1,12,1,0,0,0,0,0,0,0,0,0,0,0,0,0,0,0,0,10,1,0,0,0,0,0,0,0,0,0,0,0,0,1,4,1,0,0,0,0,0,0,0,0,0,0,0,0,0,0,0,0,0,0,0,0,0
JacksonDatabind-106f,0,0,0,0,0,0,0,45,0,2,2,1,0,5,1,0,4,0,0,58,4,2,69,5,0,1,0,0,0,0,0,0,0,0,50,6,0,0,0,2,92,12,0,4,0,0,4,0,0,1,1,0,0,0,0,22,0,0,2,3,0,25,1,0,7,0,0,0,0,0,1,0,0,5,0,0,0,0
JacksonDatabind-108f,0,0,0,0,0,0,0,109,26,0,11,26,0,0,0,0,20,2,0,272,78,0,120,66,0,6,10,0,0,0,0,0,0,0,47,180,0,0,0,0,124,49,0,21,43,0,3,0,0,2,1,0,16,24,0,103,27,0,65,27,0,34,26,0,0,0,0,0,0,0,0,0,0,0,0,0,0,0
JacksonDatabind-111f,0,0,0,0,0,0,0,47,26,0,20,11,0,2,0,0,22,9,1,61,45,0,54,50,0,4,1,0,0,0,0,0,0,0,53,30,0,0,0,0,62,46,0,17,3,0,1,1,0,2,0,0,14,6,0,38,23,0,5,6,0,35,20,0,1,0,0,0,0,0,0,0,0,0,0,0,0,0
JacksonDatabind-11f,0,8,0,0,0,0,0,91,3,0,9,4,0,0,0,0,34,12,0,209,56,0,173,25,0,34,2,0,0,0,0,0,0,0,192,16,0,0,0,1,278,52,0,130,14,0,0,0,0,0,0,0,7,3,0,86,4,0,13,45,0,3,4,0,0,0,0,1,1,0,0,0,0,0,0,0,0,0
JacksonDatabind-12f,0,0,1,0,0,0,0,9,15,0,5,12,0,0,0,0,1,6,0,35,77,2,59,79,0,0,7,0,0,0,0,0,0,0,15,35,0,0,0,0,71,83,0,8,20,0,1,1,0,0,2,0,2,3,0,8,9,0,6,12,1,13,19,0,0,0,0,0,0,0,0,0,0,0,0,0,0,0
JacksonDatabind-13f,0,0,0,0,0,0,1,11,6,0,3,2,0,0,0,0,16,2,0,41,15,1,52,11,0,0,0,0,0,0,0,0,0,0,2,4,0,0,0,0,69,15,0,0,0,0,0,0,0,0,0,0,6,0,0,6,4,0,1,12,0,3,2,0,0,0,0,0,0,0,0,0,0,0,0,0,0,0
JacksonDatabind-16f,0,0,0,0,0,0,1,12,1,0,0,0,0,1,0,0,3,0,1,16,4,2,24,6,0,0,0,0,0,0,0,0,0,4,18,0,0,0,0,4,22,10,0,0,0,1,2,0,1,1,0,0,4,0,0,5,1,0,0,0,0,2,0,0,2,0,0,0,0,0,0,0,0,0,0,0,0,0
JacksonDatabind-25f,0,10,2,0,0,0,0,130,32,0,23,10,0,1,0,0,41,47,0,498,275,0,498,226,0,62,56,0,23,1,0,11,1,0,219,116,0,0,0,0,658,320,0,260,212,0,6,3,0,5,10,0,47,8,0,88,18,0,26,141,0,21,0,0,3,0,0,6,2,0,0,0,0,0,0,0,0,0
JacksonDatabind-38f,0,2,0,0,0,0,0,51,2,0,0,0,0,0,0,0,38,5,5,59,20,5,41,7,0,12,2,0,0,0,0,0,0,8,122,18,0,0,0,5,59,15,0,49,7,0,5,0,0,2,0,0,3,0,0,38,3,0,28,15,0,0,0,0,4,0,0,0,0,0,0,0,0,0,0,0,0,0
JacksonDatabind-3f,1,1,0,0,0,0,2,2,5,0,0,2,0,0,0,0,0,1,5,11,15,6,8,22,3,1,2,0,0,0,0,0,0,8,4,13,0,0,0,7,17,22,10,10,4,0,0,0,0,0,0,2,1,3,2,2,4,0,0,0,0,1,1,0,0,0,1,1,0,0,0,0,0,0,0,0,0,0
JacksonDatabind-44f,0,3,0,0,0,0,0,24,3,0,0,0,0,0,0,0,20,4,1,43,21,0,39,10,0,12,3,0,0,0,0,0,0,0,115,18,0,0,0,0,57,20,0,50,10,0,5,0,0,2,0,0,3,0,0,14,3,0,13,14,0,0,0,0,2,0,0,0,0,0,0,0,0,0,0,0,0,0
JacksonDatabind-46f,0,0,0,0,0,0,0,25,2,0,0,0,0,1,0,0,9,0,4,23,1,0,21,0,0,0,3,0,0,0,0,0,0,10,58,13,0,0,0,0,22,1,0,6,6,0,3,1,0,3,0,2,1,0,0,14,2,2,9,3,0,1,0,0,3,0,0,0,0,0,0,0,0,0,0,0,0,0
JacksonDatabind-70f,0,12,1,0,0,0,0,35,2,0,6,0,0,10,0,0,16,0,0,76,9,0,114,22,0,100,24,0,111,21,0,54,12,0,278,51,0,6,0,0,174,62,0,327,169,0,1,0,0,0,1,0,7,1,0,17,2,0,14,9,0,9,2,0,3,0,0,5,6,0,0,0,0,0,0,0,0,0
JacksonDatabind-72f,0,0,0,0,0,0,0,6,5,0,3,1,0,2,0,0,5,2,0,9,14,0,7,3,0,1,0,0,0,0,0,0,0,0,9,0,0,0,0,0,5,0,0,2,2,0,0,0,0,0,0,0,2,1,0,3,6,0,0,6,0,2,7,0,0,0,0,0,0,0,0,0,0,0,0,0,0,0
JacksonDatabind-84f,0,0,0,0,0,0,0,17,2,0,0,0,0,0,0,0,3,0,1,14,4,1,13,1,0,0,0,0,0,0,0,0,0,8,24,8,0,0,0,0,11,1,0,0,0,0,4,0,0,1,0,0,2,0,1,8,3,0,3,5,0,1,0,0,1,0,0,0,0,0,0,0,0,0,0,0,0,0
JacksonDatabind-86f,0,0,0,0,0,0,0,17,2,0,0,0,0,0,0,0,3,0,1,16,2,1,14,0,0,0,0,0,0,0,0,0,0,4,28,8,0,0,0,0,11,1,0,0,0,0,4,0,0,1,0,0,2,0,1,8,3,0,4,4,0,1,0,0,1,0,0,0,0,0,0,0,0,0,0,0,0,0
JacksonDatabind-88f,0,0,0,0,0,0,0,8,2,0,0,0,0,0,0,1,0,2,1,19,22,1,14,13,0,0,0,0,0,0,0,0,0,10,12,11,0,0,0,1,36,25,0,0,0,0,0,0,0,0,0,0,2,5,0,2,3,0,1,5,0,0,0,0,4,0,0,0,0,0,0,0,0,0,0,0,0,0
JacksonDatabind-8f,0,2,0,0,0,0,0,7,0,0,11,12,0,0,0,0,9,0,0,26,7,2,36,26,0,11,25,0,0,0,0,0,0,8,121,116,0,4,5,2,57,33,2,61,81,0,1,0,0,0,0,0,1,2,0,5,1,0,0,13,0,4,6,0,0,0,0,2,0,0,0,0,0,0,0,0,0,0
JacksonDatabind-90f,0,1,0,0,0,0,0,62,29,0,0,0,0,0,0,0,4,0,0,79,59,0,101,23,0,10,9,0,0,0,0,0,0,0,160,54,0,0,0,0,136,42,0,31,45,0,20,0,0,0,0,0,14,6,0,28,31,0,3,7,0,22,13,0,1,2,0,0,0,0,0,0,0,0,0,0,0,0
JacksonDatabind-95f,0,9,0,0,0,0,0,115,4,0,5,0,0,0,0,0,25,7,0,262,46,0,235,27,0,38,6,0,0,4,0,0,2,0,210,81,0,0,0,0,328,55,0,155,21,0,1,1,0,2,0,0,18,8,0,104,3,0,17,23,0,7,2,0,2,1,0,0,2,0,1,0,0,2,0,0,0,0
JacksonDatabind-97f,0,0,0,0,0,0,0,22,3,0,3,0,0,6,1,0,0,0,0,11,4,0,27,6,0,3,1,0,0,0,0,0,0,0,26,14,0,0,0,0,42,11,0,8,8,0,7,0,0,5,0,0,1,1,0,3,2,0,0,0,0,1,0,0,4,1,0,0,0,0,0,0,0,0,0,0,0,0
JacksonDatabind-99f,0,0,0,0,0,0,2,28,2,0,0,0,0,0,0,2,12,2,15,15,4,0,26,1,0,1,0,0,0,0,0,0,0,32,51,17,0,0,0,0,19,3,0,4,0,0,5,0,0,4,0,0,3,0,0,20,2,10,4,3,0,4,0,2,0,0,0,0,0,0,0,0,0,0,0,0,0,0
Jsoup-12f,0,0,0,0,0,0,0,44,0,0,17,7,0,1,0,0,19,1,2,162,7,1,101,8,0,6,7,0,0,0,0,0,0,0,186,29,0,0,0,2,201,60,2,32,18,0,0,0,0,0,0,0,3,0,0,42,0,1,17,3,0,3,1,0,1,0,0,0,0,0,0,0,0,0,0,0,0,0
Jsoup-16f,0,0,0,0,0,0,0,1,0,1,0,0,0,0,0,0,0,0,8,11,0,2,2,0,0,0,0,0,0,0,0,0,0,0,6,0,0,0,0,2,6,2,0,0,0,0,0,0,0,0,0,2,3,0,0,0,0,6,3,0,0,0,0,0,1,0,0,0,0,0,0,0,0,0,0,0,0,0
Jsoup-18f,0,2,0,0,0,0,2,26,2,0,0,1,1,2,0,0,0,0,1,48,1,0,81,1,1,84,2,0,43,5,0,18,6,0,240,49,0,0,0,0,177,28,1,250,97,0,13,0,0,5,0,0,6,0,0,0,0,2,9,1,0,13,6,0,7,3,0,0,0,0,0,0,0,0,0,0,0,0
Jsoup-1f,0,0,0,0,0,0,0,9,0,1,3,2,0,0,0,0,4,0,0,43,0,0,14,0,0,0,0,0,0,0,0,0,0,0,0,0,0,0,0,0,16,3,0,0,0,0,0,0,0,0,0,0,0,0,0,6,0,0,10,1,0,0,0,0,2,0,0,0,0,0,0,0,0,0,0,0,0,0
Jsoup-21f,0,0,0,0,0,0,0,5,0,0,29,7,0,1,0,0,40,3,0,107,14,0,79,7,0,5,6,0,0,0,0,0,0,0,256,38,0,0,0,0,164,51,0,32,12,0,0,0,0,0,0,0,2,0,0,3,0,0,9,7,0,3,1,0,1,0,0,0,0,0,0,0,0,0,0,0,0,0
Jsoup-22f,0,2,0,0,0,0,0,194,6,0,68,32,0,3,4,0,68,3,0,365,26,0,195,15,0,32,12,0,53,23,0,23,15,0,261,78,0,0,0,1,330,83,0,100,76,0,20,1,0,18,2,0,22,5,0,109,2,0,85,15,0,19,3,0,31,2,0,0,1,0,0,0,0,0,0,0,0,0
Jsoup-26f,0,0,2,0,0,0,0,4,0,0,5,0,0,1,0,0,4,0,0,26,1,1,11,0,0,0,7,0,9,3,0,5,1,0,15,2,0,0,0,0,21,5,0,13,15,0,1,0,0,0,0,0,0,0,0,2,0,0,2,0,0,1,0,0,0,0,0,2,0,0,0,0,0,0,0,0,0,0
Jsoup-29f,0,1,0,0,0,0,0,17,0,0,5,5,0,0,0,0,6,0,0,51,1,0,24,2,0,4,0,0,4,0,0,2,0,0,11,4,0,0,0,0,34,7,0,15,1,0,0,0,0,0,0,1,0,0,0,13,0,0,15,1,0,4,1,0,2,0,0,1,0,0,0,0,0,0,0,0,0,0
Jsoup-2f,0,4,0,0,0,0,0,12,2,0,11,8,0,0,0,0,15,0,1,103,9,0,79,7,0,6,6,0,12,0,0,6,0,0,91,15,0,0,0,0,157,50,0,35,13,0,1,0,0,2,0,0,11,1,0,6,3,0,13,1,0,6,0,0,0,0,0,2,1,0,0,0,0,0,0,0,0,0
Jsoup-30f,0,0,1,0,0,0,0,4,0,0,6,0,0,1,0,0,5,0,0,18,0,0,5,1,0,0,2,0,0,0,0,0,0,0,11,2,0,0,0,0,9,2,0,4,4,0,1,0,0,0,0,0,0,0,0,2,0,0,0,0,0,1,0,0,0,0,1,0,0,0,0,0,0,0,0,0,0,0
Jsoup-36f,0,0,0,0,0,0,3,8,1,0,1,5,0,0,0,0,2,0,2,42,8,0,26,22,0,2,9,0,0,4,0,0,2,2,41,24,0,0,0,0,48,40,0,9,35,0,0,0,0,0,0,0,4,2,1,5,0,2,2,3,0,0,0,2,3,1,0,0,0,0,0,0,0,0,0,0,0,0
Jsoup-40f,0,0,0,0,0,0,0,1,0,0,0,0,0,0,0,0,0,0,1,21,0,1,5,0,0,0,0,0,0,0,0,0,0,0,18,0,0,0,0,1,11,3,0,0,0,0,0,0,0,0,0,1,5,0,0,0,0,0,10,0,0,0,0,0,1,0,0,0,0,0,0,0,0,0,0,0,0,0
Jsoup-41f,0,0,0,0,0,0,1,97,1,0,30,12,1,0,0,0,43,6,5,232,18,3,128,10,0,15,3,3,29,12,2,14,6,1,161,37,0,0,0,2,230,59,0,43,29,0,8,0,1,5,0,0,11,2,0,58,0,0,61,11,0,2,0,0,19,1,0,0,0,0,0,0,0,0,0,0,0,0
Jsoup-46f,0,0,0,0,0,0,0,8,1,0,1,0,0,0,0,0,2,0,0,47,2,1,28,1,0,20,10,0,2,6,0,0,4,0,76,28,0,0,0,0,55,16,0,86,34,0,2,2,0,4,0,0,6,0,0,0,0,0,21,0,0,0,0,0,4,0,0,0,0,0,2,0,0,5,2,0,0,0
Jsoup-47f,0,0,0,0,0,0,0,8,1,0,1,0,0,0,0,0,2,0,0,47,2,1,30,1,0,20,10,0,1,7,0,0,4,0,80,24,0,0,0,0,56,16,0,88,32,0,2,2,0,4,0,0,6,0,0,0,0,0,21,0,0,0,0,0,4,0,0,0,0,0,2,0,0,5,2,0,0,0
Jsoup-50f,0,0,0,0,0,0,0,13,2,0,2,6,0,0,0,0,4,0,0,52,7,14,32,32,8,5,15,0,0,4,0,0,2,88,95,53,0,0,0,35,65,63,18,31,63,0,0,0,0,0,0,0,6,0,0,7,1,0,4,4,0,0,0,0,6,1,0,0,0,0,0,0,0,0,0,0,0,0
Jsoup-52f,0,2,0,0,0,0,1,21,2,1,15,8,0,0,0,0,10,1,11,107,10,8,68,34,0,19,16,0,12,4,0,6,2,4,219,55,0,0,0,14,145,68,2,72,66,0,0,0,0,1,0,1,9,0,0,8,1,6,11,8,1,1,0,2,11,1,0,2,0,0,1,0,0,6,0,0,0,0
Jsoup-54f,0,0,0,0,0,0,0,2,0,0,5,1,0,0,0,0,5,2,0,9,1,0,2,0,0,0,0,0,0,0,0,0,0,0,4,5,0,0,0,0,4,1,0,0,0,0,0,0,0,0,0,0,0,0,0,1,0,0,0,0,0,1,0,0,1,0,0,0,0,0,0,0,0,0,0,0,0,0
Jsoup-57f,0,0,0,0,0,0,0,23,2,0,12,0,0,1,0,0,11,2,0,41,5,0,53,2,0,0,1,0,0,0,0,0,0,0,35,19,0,0,0,0,57,11,0,2,2,0,5,0,0,1,1,0,5,1,0,5,0,0,4,1,0,3,1,0,5,0,0,0,0,0,0,0,0,0,0,0,0,0
Jsoup-59f,0,0,0,0,0,0,0,12,0,0,0,0,0,0,0,0,0,0,0,4,0,0,14,0,0,0,0,0,0,0,0,0,0,0,46,12,0,0,0,0,7,0,0,0,0,0,6,0,0,0,0,0,0,0,0,5,0,0,1,0,0,0,0,0,1,0,0,0,0,0,0,0,0,0,0,0,0,0
Jsoup-5f,0,4,0,0,0,0,0,14,2,0,11,9,0,0,0,0,17,0,1,114,8,1,85,8,0,7,5,0,12,0,0,6,0,0,104,22,0,0,0,3,175,49,0,34,14,0,2,0,0,3,0,0,11,1,0,7,3,0,14,1,0,7,1,0,0,0,0,2,1,0,0,0,0,0,0,0,0,0
Jsoup-60f,0,5,0,0,0,0,0,36,1,4,31,12,0,4,0,0,61,4,1,246,21,2,228,30,1,94,23,0,46,26,0,24,12,0,679,121,0,0,0,1,481,160,3,329,140,0,11,0,0,6,0,0,10,2,0,3,0,0,29,16,0,13,11,0,16,0,0,2,0,0,0,0,0,0,0,0,0,0
Jsoup-63f,0,17,0,0,0,0,0,66,9,1,52,18,0,0,0,1,26,2,1,226,39,1,250,35,0,62,17,0,79,5,0,39,3,0,543,104,0,0,0,1,471,139,0,246,70,0,18,6,0,16,4,0,5,1,0,24,3,0,17,11,0,39,14,0,7,1,0,12,5,0,0,0,0,0,0,0,0,0
Jsoup-77f,0,2,0,0,0,0,0,6,0,0,13,1,0,0,0,0,9,1,0,58,3,0,21,3,0,6,0,0,12,0,0,6,0,0,33,1,0,0,0,0,51,1,0,24,0,0,0,0,0,1,0,0,2,1,0,4,0,0,7,2,0,0,0,0,1,0,0,2,0,0,1,0,0,6,0,0,0,0
Jsoup-79f,0,0,0,0,0,0,1,9,2,0,2,4,0,0,0,0,1,0,0,17,4,0,10,4,0,0,0,0,0,0,0,0,0,0,4,0,0,0,0,0,22,9,0,0,0,0,2,0,0,1,1,0,3,0,0,2,1,0,3,0,0,2,0,0,2,2,0,0,0,0,0,0,0,0,0,0,0,0
Jsoup-7f,0,1,0,0,0,0,0,13,0,0,6,3,0,0,0,0,6,0,3,45,1,3,21,2,0,4,0,0,4,0,0,2,0,2,9,4,0,0,0,7,27,7,2,14,0,0,0,0,0,0,0,0,0,0,0,9,0,1,12,1,0,1,0,0,2,0,0,1,0,0,0,0,0,0,0,0,0,0
Jsoup-80f,0,2,0,0,0,0,0,6,0,0,13,1,0,0,0,0,9,1,0,59,3,0,24,2,0,6,0,0,12,0,0,6,0,0,33,1,0,0,0,0,56,1,0,24,0,0,0,0,0,1,0,0,4,0,0,4,0,0,7,2,0,0,0,0,1,0,0,2,0,0,1,0,0,6,0,0,0,0
Jsoup-83f,0,14,0,0,0,0,0,51,0,0,30,19,0,6,1,0,8,0,0,70,5,0,209,13,0,241,10,0,145,15,0,67,13,1,564,65,0,3,0,0,508,39,0,935,69,0,20,0,0,7,0,0,3,0,0,0,0,0,7,0,0,20,7,0,13,0,0,6,2,0,2,1,0,8,9,0,0,0
Jsoup-86f,0,0,0,0,0,0,0,5,0,0,2,0,0,0,0,0,2,0,0,30,1,0,10,0,0,1,0,0,4,0,0,2,0,0,25,3,0,0,0,0,22,3,0,4,0,0,1,0,0,0,0,0,1,0,0,1,0,0,7,0,0,1,0,0,3,0,0,0,0,0,0,0,0,0,0,0,0,0
Jsoup-88f,0,0,0,0,0,0,0,16,2,0,6,1,0,0,1,0,2,2,0,31,3,1,40,8,0,4,2,2,0,6,0,0,4,0,66,40,0,0,0,1,58,10,0,12,12,0,9,0,0,1,2,0,3,1,0,2,0,0,6,0,0,5,0,0,5,0,0,0,0,0,0,0,0,0,0,0,0,0
Jsoup-89f,0,0,0,0,0,0,0,16,2,0,5,2,0,0,1,0,2,2,0,33,2,1,42,6,0,4,2,0,2,6,0,0,4,0,65,41,0,0,0,0,56,13,0,12,12,0,9,0,0,2,1,1,3,1,0,2,0,1,5,0,0,5,0,0,5,0,0,0,0,0,0,0,0,0,0,0,0,0
Jsoup-8f,0,2,0,0,0,0,1,27,4,0,21,13,0,0,1,1,8,0,1,48,6,2,34,3,0,13,3,0,23,9,0,8,8,0,51,35,0,0,0,0,48,8,0,43,21,0,2,0,0,2,0,0,5,1,0,10,1,0,4,2,0,10,1,0,7,3,0,0,1,0,0,0,0,0,0,0,0,0
Jsoup-93f,0,0,0,0,0,0,0,3,1,0,1,1,0,0,0,0,2,0,1,25,15,1,18,7,0,0,1,0,0,0,0,0,0,0,4,5,0,0,0,1,37,23,0,2,2,0,0,0,0,0,0,0,3,1,0,2,1,0,0,3,0,1,0,0,1,0,0,0,0,0,0,0,0,0,0,0,0,0
JxPath-10f,0,0,0,0,0,0,0,14,0,0,0,2,0,1,0,0,1,0,0,22,3,0,30,6,0,4,2,0,0,0,0,0,0,0,53,6,0,0,0,0,67,23,0,20,4,0,9,0,0,6,0,0,0,2,0,2,0,0,0,0,0,0,0,0,0,0,0,0,0,0,0,0,0,0,0,0,0,0
JxPath-12f,0,3,3,0,0,0,0,71,3,0,3,1,0,10,2,0,18,5,2,207,42,2,226,35,0,41,12,0,17,7,0,8,4,0,482,99,0,0,0,1,360,83,0,148,64,0,16,0,0,8,0,0,23,0,0,14,1,0,59,30,0,7,0,0,23,0,0,2,3,0,2,0,0,8,5,0,0,0
JxPath-13f,0,2,5,0,0,0,0,71,15,0,4,3,0,6,6,0,21,6,1,190,89,0,202,103,0,27,27,0,13,11,0,6,6,0,365,230,0,0,0,0,316,169,0,101,115,0,14,3,0,9,0,0,26,7,0,18,1,0,48,43,0,12,3,0,24,5,0,2,4,0,2,0,0,7,6,0,0,0
JxPath-14f,0,9,0,0,0,0,11,110,6,6,27,3,0,2,0,1,21,2,9,231,15,16,130,10,11,68,2,7,28,1,3,15,0,20,401,26,0,0,0,53,262,31,41,264,19,0,4,0,0,2,0,2,1,0,10,69,6,2,13,3,0,1,0,0,31,0,0,8,0,0,4,0,0,91,3,0,0,0
JxPath-16f,0,10,5,0,0,0,2,142,15,0,8,2,2,17,10,0,35,11,0,365,124,0,440,128,0,63,31,0,28,20,0,12,12,5,729,236,0,0,0,0,743,262,0,233,143,0,32,0,0,19,2,0,29,5,0,32,4,0,88,64,0,12,1,0,37,5,0,6,5,0,3,0,0,12,5,0,0,0
JxPath-18f,0,0,0,0,0,0,0,7,0,0,2,0,0,0,0,0,0,0,1,11,0,2,18,0,0,2,0,0,8,0,0,4,0,3,45,6,0,0,0,1,36,5,0,7,1,0,4,0,0,2,0,0,0,0,0,1,0,0,0,0,1,5,1,0,0,0,0,0,0,0,0,0,0,0,0,0,0,0
JxPath-20f,0,0,0,0,0,0,1,14,1,0,0,2,0,1,0,0,1,0,3,19,6,2,29,9,0,4,2,0,0,0,0,0,0,3,54,11,0,0,0,2,70,28,0,20,4,0,10,0,2,3,2,0,0,2,0,2,0,0,0,0,0,0,0,0,0,0,0,0,0,0,0,0,0,0,0,0,0,0
JxPath-21f,0,0,0,0,0,0,0,18,3,0,6,0,0,3,1,0,1,2,0,36,14,1,41,11,0,14,8,0,4,4,0,0,4,5,72,30,0,0,0,0,69,22,0,71,17,0,6,2,0,1,1,0,1,2,0,7,1,0,0,4,0,4,1,0,0,0,0,0,0,0,0,0,0,0,0,0,0,0
JxPath-22f,0,3,3,0,0,0,0,71,2,0,5,0,0,11,1,0,15,5,1,202,39,1,227,37,0,34,11,0,12,4,0,6,2,0,443,74,0,0,0,1,358,82,0,130,50,0,17,0,0,10,0,0,19,0,0,14,1,0,58,19,0,8,0,0,20,0,0,2,3,0,2,0,0,8,5,0,0,0
JxPath-4f,0,10,3,0,0,0,1,145,10,0,7,1,0,24,5,0,34,11,5,406,85,4,458,82,0,65,25,0,35,13,0,11,13,12,821,131,0,0,0,4,779,198,3,241,116,0,34,0,0,19,2,1,33,1,0,30,4,0,115,46,0,11,0,0,41,0,0,7,2,0,3,0,0,12,5,0,0,0
JxPath-5f,0,2,0,0,0,0,0,53,3,0,2,4,0,6,1,0,11,4,0,107,28,1,104,25,1,26,7,0,24,8,0,12,4,4,184,53,0,0,0,1,151,37,0,100,36,0,11,2,0,6,0,0,7,1,0,21,0,0,20,38,0,12,0,0,5,1,0,2,0,0,0,0,0,0,0,0,0,0
JxPath-6f,0,0,0,0,0,0,0,14,0,0,0,2,0,0,0,0,1,0,0,27,4,0,61,5,0,0,0,0,0,0,0,0,0,0,58,12,0,0,0,0,135,22,0,0,0,0,10,0,0,9,0,0,0,0,0,0,0,0,0,0,0,0,0,0,0,0,0,0,0,0,0,0,0,0,0,0,0,0
JxPath-7f,0,0,0,0,0,0,4,16,1,2,0,0,0,2,0,0,1,0,7,13,5,6,32,2,0,8,0,0,0,0,0,0,0,7,130,10,0,0,0,8,78,14,0,30,2,3,8,0,2,1,3,0,1,1,0,2,0,0,0,0,0,0,0,0,4,0,0,0,0,0,0,0,0,0,0,0,0,0
JxPath-8f,0,0,0,0,0,0,0,14,0,0,0,2,0,1,0,0,1,0,2,20,3,2,28,6,0,4,2,0,0,0,0,0,0,0,53,6,0,0,0,2,65,23,0,20,4,0,9,0,0,5,1,0,0,2,0,2,0,0,0,0,0,0,0,0,0,0,0,0,0,0,0,0,0,0,0,0,0,0
JxPath-9f,0,0,0,0,0,0,0,16,0,0,0,2,0,1,0,0,1,0,1,27,4,1,57,6,0,3,3,0,0,0,0,0,0,0,86,11,0,0,0,2,125,21,0,19,5,0,9,0,0,8,0,0,0,0,0,1,0,0,0,0,0,1,0,0,2,0,0,0,0,0,0,0,0,0,0,0,0,0
Lang-16f,0,10,0,0,0,0,5,96,0,0,0,0,0,52,0,0,36,0,6,87,11,14,306,38,0,240,28,0,44,20,0,21,11,20,521,129,0,0,0,18,593,164,5,771,296,1,17,1,0,6,0,0,17,0,4,10,0,0,3,13,0,0,0,0,8,0,0,1,3,0,1,0,0,6,0,0,0,0
Lang-18f,0,6,1,0,0,0,0,42,0,0,8,0,0,1,1,2,27,0,0,103,5,1,71,6,1,88,4,0,27,9,0,16,2,13,298,51,0,0,0,1,165,17,7,334,31,0,2,0,0,0,0,0,12,0,0,29,0,0,8,5,0,5,0,0,8,0,0,5,1,0,2,0,0,85,1,0,0,0
Lang-19f,0,2,0,0,0,0,1,3,0,0,3,1,0,1,0,0,1,0,0,23,4,5,28,5,3,28,7,0,28,0,0,14,0,19,127,18,0,0,0,9,73,13,15,105,32,0,0,0,0,0,0,0,2,0,0,0,0,0,2,8,0,0,0,0,0,0,0,1,1,0,0,0,0,0,0,0,0,0
Lang-1f,2,14,0,0,0,0,0,102,0,0,12,0,0,52,0,0,16,0,2,106,13,7,302,37,5,257,32,0,68,8,0,32,6,20,681,125,0,0,0,8,622,159,9,858,309,0,18,1,0,6,0,0,16,1,0,16,0,0,9,12,0,0,0,0,8,0,1,4,4,0,1,0,0,6,0,0,1,0
Lang-22f,0,1,1,0,12,4,0,56,2,0,0,0,0,17,1,0,34,3,0,102,5,0,173,22,1,228,40,0,230,22,0,116,10,0,469,62,0,14,1,0,404,54,5,946,125,0,2,0,0,1,0,0,35,2,0,31,1,0,38,0,0,13,0,0,2,0,0,2,0,0,0,0,0,0,0,0,6,0
Lang-23f,0,4,4,0,0,0,3,14,4,0,7,9,1,1,0,0,17,4,4,98,39,1,63,33,0,23,22,0,17,27,3,3,16,8,150,89,0,0,0,1,122,70,0,74,106,1,3,3,1,2,0,0,8,10,0,2,2,0,15,19,0,3,0,0,4,0,0,4,4,0,3,1,0,4,5,0,0,0
Lang-24f,0,10,0,0,0,0,0,101,0,0,0,0,0,51,1,0,36,0,0,92,10,17,302,35,0,240,28,0,42,22,1,20,11,49,488,133,0,0,0,38,574,153,14,801,257,0,18,1,0,6,0,0,17,0,0,14,0,0,3,13,0,0,0,0,8,0,0,1,3,0,1,0,0,6,0,0,0,0
Lang-27f,0,10,0,0,0,0,3,98,0,0,0,0,0,50,2,2,34,0,3,90,9,6,316,30,2,236,29,0,47,17,0,22,10,8,544,118,0,0,0,6,603,151,9,761,298,0,18,1,0,6,0,0,16,1,3,11,0,0,5,11,0,0,0,0,8,0,0,1,3,0,1,0,0,6,0,0,0,0
Lang-28f,0,2,0,0,0,0,0,3,0,2,1,0,0,1,0,0,0,0,1,9,1,1,15,0,2,15,2,0,24,0,0,12,0,9,89,7,0,0,0,0,36,4,2,58,16,0,0,0,0,0,0,0,2,0,0,0,0,0,2,0,0,0,0,0,0,0,0,1,1,0,0,0,0,0,0,0,0,0
Lang-32f,0,1,0,0,0,0,0,30,1,2,5,1,0,9,1,2,8,1,6,50,2,5,85,6,0,83,14,0,120,0,0,60,0,3,132,21,0,0,0,5,138,33,0,286,102,0,1,0,0,0,0,0,7,1,0,19,0,0,21,1,0,23,1,0,1,0,0,0,0,0,0,0,0,0,0,0,0,0
Lang-33f,0,2,1,0,0,0,0,74,2,0,2,0,0,0,0,0,11,3,0,161,15,2,188,22,0,21,9,0,24,4,0,11,3,0,293,65,0,0,0,1,309,88,0,92,28,0,19,2,0,6,0,0,29,1,0,14,0,0,20,10,0,0,0,0,27,1,0,1,0,0,0,0,0,0,0,0,0,0
Lang-35f,0,29,0,0,0,0,0,342,0,0,34,0,0,93,0,2,16,0,0,223,10,2,787,17,0,508,18,0,234,6,0,117,3,0,1203,96,0,0,0,0,1189,158,0,1686,418,0,30,0,0,20,0,0,87,2,0,154,0,0,9,26,0,0,0,0,3,0,0,25,4,0,0,0,0,0,0,0,0,0
Lang-36f,0,10,0,0,0,0,2,99,0,0,0,0,0,51,1,0,34,0,3,85,9,15,299,34,1,237,27,0,44,20,0,21,11,49,494,127,0,0,0,30,566,154,14,813,233,1,17,1,1,5,0,0,17,0,1,13,0,0,5,9,0,0,0,0,8,0,0,1,3,0,1,0,0,6,0,0,0,0
Lang-37f,0,29,0,0,0,0,0,342,0,0,34,0,0,91,2,2,14,0,6,216,11,1,765,40,0,511,15,0,234,6,0,117,3,0,1210,98,0,0,0,3,1158,186,0,1687,417,0,30,0,0,20,0,0,87,2,0,154,0,0,16,19,0,0,0,0,3,0,0,26,3,0,0,0,0,0,0,0,0,0
Lang-41f,0,2,1,0,0,0,0,70,6,0,1,1,0,0,0,0,10,4,14,128,32,11,167,32,0,20,9,9,15,4,5,6,3,67,231,56,0,0,0,24,267,106,0,87,29,0,19,2,0,5,1,1,26,3,0,10,4,5,15,10,0,0,0,0,27,1,0,1,0,0,0,0,0,0,0,0,0,0
Lang-45f,0,7,0,0,0,0,0,24,0,0,0,0,0,0,0,0,6,0,1,77,3,1,94,9,0,82,11,0,34,6,0,15,5,0,138,54,0,0,0,1,164,43,0,296,76,0,2,0,0,2,0,0,15,3,0,0,0,0,30,0,0,0,0,0,19,0,0,3,3,0,0,0,0,0,0,0,0,0
Lang-46f,0,3,0,0,0,0,0,22,6,0,45,19,0,0,0,0,16,5,0,44,20,1,81,6,0,23,14,0,11,9,0,4,6,8,251,118,0,0,0,1,107,24,2,96,50,0,0,0,0,0,0,0,6,2,0,0,0,0,9,8,0,0,0,0,22,6,0,0,1,0,3,0,0,11,8,0,0,0
Lang-49f,0,1,1,0,13,3,0,56,1,0,0,0,0,17,0,0,34,2,0,104,1,1,174,12,1,236,26,0,229,19,0,116,8,0,472,47,0,15,0,1,401,36,0,970,82,0,2,0,0,1,0,0,35,0,0,31,1,0,36,2,0,13,0,0,2,0,0,2,0,0,0,0,0,0,0,0,6,0
Lang-52f,0,2,0,0,0,0,0,18,4,2,37,13,0,0,0,0,15,3,0,35,12,0,62,2,0,22,9,0,3,9,0,0,6,12,192,90,0,0,0,0,72,12,0,90,34,0,0,0,0,0,0,0,6,1,0,0,0,0,10,4,0,0,0,0,18,4,0,0,1,0,3,0,1,9,9,0,0,0
Lang-54f,0,0,0,0,0,0,1,11,0,0,0,0,0,0,0,1,14,5,2,44,25,1,39,26,1,11,6,0,0,0,0,0,0,23,149,37,0,0,0,0,91,46,2,28,42,0,1,0,0,1,0,0,3,5,1,3,0,2,5,10,0,0,0,0,5,1,0,0,0,0,0,0,0,0,0,0,0,0
Lang-57f,0,0,0,0,0,0,0,11,0,0,0,0,0,0,0,0,14,5,0,41,28,0,39,25,0,11,6,0,0,0,0,0,0,0,145,42,0,0,0,0,79,53,0,22,46,0,1,0,0,1,0,0,3,5,0,3,0,0,5,10,0,0,0,0,6,0,0,0,0,0,0,0,0,0,0,0,0,0
Lang-58f,0,10,0,0,0,0,0,119,10,0,0,0,0,39,11,0,34,0,1,77,19,1,346,69,0,252,47,0,45,19,0,20,12,0,610,224,0,0,0,1,644,211,0,822,374,0,33,2,0,17,0,0,7,9,0,9,5,0,5,9,0,0,0,0,8,0,0,1,3,0,1,0,0,6,0,0,0,0
Lang-5f,0,0,0,0,0,0,2,14,0,0,0,0,0,0,0,2,29,2,8,60,37,9,43,18,6,10,4,0,0,0,0,0,0,59,165,12,0,0,0,14,85,52,8,34,38,0,1,0,0,1,0,0,3,6,2,4,0,3,7,22,0,0,0,0,6,0,0,0,0,0,0,0,0,0,0,0,0,0
Lang-62f,0,3,1,0,0,0,0,5,0,0,19,2,0,1,0,0,3,0,0,57,3,2,56,4,2,64,2,0,19,5,0,9,3,10,311,34,0,0,0,3,117,27,1,193,78,0,0,0,0,0,0,0,8,0,0,0,0,0,22,0,0,1,0,0,4,0,0,0,2,0,1,0,0,2,0,0,0,0
Lang-65f,0,6,2,0,0,0,0,21,6,0,22,2,0,0,0,0,31,1,0,72,31,0,120,42,0,80,13,0,50,2,0,24,2,0,504,192,0,0,0,0,234,75,0,315,57,0,3,2,0,1,0,0,32,19,0,18,4,0,10,4,0,0,0,0,0,0,0,5,2,0,3,0,0,11,1,0,0,0
Lang-7f,0,10,1,0,0,0,3,97,1,0,0,0,0,49,3,0,38,0,2,96,13,3,321,38,0,238,31,0,46,22,0,23,11,8,545,129,0,0,0,6,612,167,1,813,262,0,19,0,0,6,0,0,17,0,3,11,1,0,5,14,0,0,0,0,8,0,0,1,4,0,1,0,0,6,0,0,0,0
Lang-8f,0,5,2,0,0,0,0,22,2,0,6,0,0,1,1,0,29,0,0,72,8,1,70,7,0,68,9,0,20,16,0,10,8,2,290,50,0,0,0,0,152,31,1,255,52,0,2,0,0,0,0,0,12,0,0,8,4,0,15,2,0,5,0,0,8,0,0,4,2,0,2,0,0,55,31,0,0,0
Math-101f,0,1,0,0,1,0,0,21,2,0,16,2,0,1,0,0,13,0,0,79,3,1,48,3,1,40,8,0,15,1,0,8,0,0,102,16,0,0,0,1,86,19,1,123,72,0,0,0,0,0,0,0,6,0,0,14,2,0,12,3,0,3,0,0,2,0,0,1,0,0,1,0,0,3,0,0,0,0
Math-102f,0,6,0,0,0,0,0,18,0,0,6,0,0,6,0,0,17,0,0,27,0,0,92,0,0,137,0,0,175,1,0,86,2,0,337,2,0,0,0,0,230,0,0,538,10,0,7,0,0,4,0,0,5,0,0,1,0,0,6,0,0,1,0,0,0,0,0,2,1,0,0,0,0,0,0,0,0,0
Math-103f,0,0,0,0,0,0,2,9,0,0,2,0,1,9,0,0,1,0,0,9,1,2,15,1,3,20,3,8,31,5,3,15,4,7,77,25,0,0,0,4,37,4,12,64,28,0,0,0,0,0,0,0,3,0,0,0,0,0,0,0,0,2,2,0,0,0,0,0,0,0,0,0,0,0,0,0,0,0
Math-104f,0,1,0,0,2,0,0,5,0,0,0,0,0,5,0,0,2,0,0,19,0,0,40,0,0,75,4,0,120,0,0,60,0,0,135,8,0,0,0,0,93,7,0,275,41,0,0,0,0,0,0,0,14,0,0,0,0,0,0,0,0,0,0,0,0,0,0,1,0,0,0,0,0,0,0,0,0,0
Math-105f,0,0,0,0,1,0,0,22,0,0,1,0,0,21,0,0,1,0,0,29,0,0,15,3,0,73,2,0,215,1,0,108,0,2,180,23,0,0,0,0,39,6,0,257,43,0,0,0,0,0,0,1,10,1,0,1,0,0,0,0,0,16,8,0,0,0,0,0,0,0,0,0,0,0,0,0,0,0
Math-106f,0,0,0,0,0,0,1,10,0,1,9,3,0,0,0,0,3,0,2,29,1,2,14,0,0,14,8,0,19,1,0,10,0,0,11,8,0,0,0,0,20,0,2,52,34,0,0,0,0,0,0,0,6,0,0,5,0,0,2,0,0,1,0,0,0,0,0,0,0,0,1,0,0,2,0,0,0,0
Math-11f,0,7,0,0,0,0,0,6,0,0,2,0,0,2,0,0,8,0,0,25,0,0,28,0,0,53,10,0,32,0,0,16,0,0,68,8,0,0,0,0,58,12,1,202,49,0,0,0,0,0,0,0,8,2,0,4,0,0,0,1,0,5,0,0,0,0,0,0,1,0,0,0,0,0,0,0,0,0
Math-13f,0,4,1,0,0,0,0,13,4,0,1,1,0,3,1,0,12,3,0,40,12,1,16,5,0,51,15,0,13,15,0,7,7,0,79,35,0,0,0,3,34,18,0,177,87,0,0,0,0,0,0,0,8,6,0,9,4,0,4,1,0,6,6,0,0,0,0,0,1,0,0,0,0,0,0,0,0,0
Math-14f,0,3,0,0,0,0,0,11,1,0,2,0,0,3,0,0,7,0,0,31,2,0,15,1,0,26,2,0,10,2,0,6,0,2,14,0,0,0,0,0,32,8,1,95,16,0,0,0,0,0,0,0,7,1,0,8,1,0,4,2,0,4,0,0,0,0,0,0,0,0,0,0,0,0,0,0,0,0
Math-17f,0,42,46,0,4,6,0,26,120,0,9,34,0,7,22,0,2,8,0,88,268,0,317,401,0,352,357,0,699,493,0,349,247,0,1347,2195,0,3,33,0,779,1012,0,1463,1373,0,4,19,0,0,0,0,27,118,0,10,69,0,22,187,0,27,96,0,2,5,0,32,43,0,3,2,0,12,14,0,0,0
Math-1f,0,3,0,0,11,2,0,82,1,0,2,1,0,20,0,0,62,0,0,207,12,4,186,8,2,284,39,0,207,17,0,105,7,4,468,96,0,19,2,2,410,40,16,1060,224,0,3,0,0,2,0,1,78,2,0,56,0,0,76,2,0,22,0,0,2,0,0,3,0,0,0,0,0,0,0,0,42,1
Math-21f,0,9,0,0,1,0,0,2,0,0,1,0,0,1,0,0,2,0,0,4,0,0,27,1,1,119,10,0,37,7,0,18,4,0,45,14,0,0,0,1,56,13,6,418,96,0,0,0,0,0,0,0,1,0,0,1,0,0,0,0,0,2,0,0,0,0,0,2,3,0,0,0,0,0,0,0,0,0
Math-23f,0,1,0,0,7,0,0,5,1,0,0,0,0,0,0,0,4,0,0,26,2,0,74,0,0,157,1,0,164,0,0,82,0,0,92,1,0,0,0,0,167,2,0,625,7,0,0,0,0,0,0,0,12,0,0,5,1,0,0,0,0,2,0,0,0,0,0,1,0,0,0,0,0,0,0,0,0,0
Math-24f,0,1,0,0,7,0,0,5,1,0,0,0,0,0,0,0,4,0,0,24,2,1,72,1,0,153,3,0,164,0,0,82,0,0,82,11,0,0,0,2,163,4,1,593,30,0,0,0,0,0,0,0,10,0,0,5,1,0,0,0,0,2,0,0,0,0,0,0,1,0,0,0,0,0,0,0,0,0
Math-25f,0,0,0,0,0,0,0,2,0,0,0,0,0,0,0,0,2,0,0,4,0,0,0,0,0,0,0,0,0,0,0,0,0,0,0,0,0,0,0,0,0,0,0,0,0,0,0,0,0,0,0,0,2,0,0,2,0,0,0,0,0,0,0,0,0,0,0,0,0,0,0,0,0,0,0,0,0,0
Math-26f,0,1,0,0,5,2,0,32,0,0,0,0,0,8,0,0,23,0,0,59,6,0,92,1,0,184,17,0,137,7,0,69,3,0,299,35,0,3,0,0,217,2,0,744,60,0,2,0,0,1,0,0,30,0,0,19,0,0,15,0,0,8,0,0,1,0,0,1,0,0,0,0,0,0,0,0,6,0
Math-27f,0,1,0,0,5,2,0,32,0,0,0,0,0,8,0,0,23,0,0,56,6,0,92,1,0,182,19,0,138,6,0,69,3,0,297,37,0,3,0,0,216,3,0,736,68,0,2,0,0,1,0,0,27,0,0,19,0,0,15,0,0,8,0,0,1,0,0,1,0,0,0,0,0,0,0,0,6,0
Math-28f,0,4,0,0,0,0,0,6,0,0,7,0,0,0,0,0,5,0,1,45,9,1,38,9,0,37,6,3,17,4,1,8,3,2,53,24,0,0,0,1,73,34,4,84,84,0,0,0,0,0,0,0,1,0,0,1,0,0,0,0,0,1,1,0,5,0,0,0,3,0,0,0,0,0,0,0,0,0
Math-29f,0,5,0,0,1,0,0,48,1,1,47,4,0,15,1,0,17,0,4,181,8,3,127,13,1,122,28,0,123,21,0,60,12,0,193,62,0,0,0,9,273,74,4,423,177,0,9,0,0,4,0,0,14,2,0,21,0,0,10,0,0,21,0,0,0,0,0,0,0,0,0,0,0,0,0,0,0,0
Math-2f,0,0,0,0,0,0,0,16,0,0,0,0,0,14,0,0,6,0,0,30,6,0,26,0,0,92,9,0,95,1,0,48,0,0,101,23,0,0,0,0,62,3,0,299,105,0,0,0,0,1,0,0,10,0,0,1,0,0,0,0,0,4,3,0,0,0,0,0,0,0,0,0,0,0,0,0,0,0
Math-32f,0,8,2,0,0,0,0,6,0,0,9,4,0,0,0,0,21,0,1,49,13,1,51,4,0,52,12,0,77,19,0,39,9,6,202,68,0,0,0,0,85,15,2,178,76,0,0,0,0,0,0,0,0,4,0,3,0,0,0,1,0,2,0,0,3,0,0,6,3,0,0,0,0,0,0,0,0,0
Math-35f,0,0,0,0,0,0,0,2,0,0,4,0,0,1,0,0,2,0,0,7,4,0,6,0,0,11,1,0,8,0,0,4,0,0,15,20,0,0,0,0,14,1,0,33,15,0,0,0,0,0,0,0,1,0,0,1,0,0,0,0,0,1,2,0,0,0,0,0,0,0,0,0,0,0,0,0,0,0
Math-36f,0,2,0,0,6,0,0,51,0,0,3,0,0,11,1,0,38,0,12,130,8,2,87,6,4,101,13,16,59,5,8,29,3,9,173,44,0,17,1,6,187,19,7,347,118,0,1,0,0,1,0,2,46,1,0,37,0,4,58,1,0,14,0,0,1,0,0,2,0,0,0,0,0,0,0,4,30,3
Math-37f,0,1,0,0,6,0,0,93,3,0,5,0,0,9,2,0,6,0,0,161,1,0,169,0,0,212,3,0,355,5,0,178,2,0,259,16,0,0,0,0,420,1,0,856,4,0,5,0,0,4,0,0,62,1,0,75,0,0,65,0,0,4,0,0,4,0,0,0,0,0,0,0,0,0,0,0,0,0
Math-3f,0,20,0,0,0,0,1,48,0,0,10,0,1,11,0,0,22,2,0,59,7,1,228,3,3,618,67,4,1225,35,2,602,28,12,574,127,0,0,0,0,441,63,8,2141,603,0,18,0,0,7,0,0,20,0,0,13,0,0,0,0,0,0,0,0,0,0,0,3,1,0,2,0,0,4,0,0,0,0
Math-40f,0,11,0,0,0,0,0,13,0,0,8,0,0,13,0,0,4,1,0,28,6,0,58,2,1,177,9,3,218,11,1,113,2,1,417,66,0,0,0,0,132,18,2,603,143,0,0,0,0,0,0,0,15,0,0,0,0,0,0,0,0,8,0,0,0,0,0,5,6,0,1,0,0,5,0,0,0,0
Math-42f,0,12,0,0,0,0,0,25,2,0,22,0,0,13,1,0,13,0,0,146,9,2,103,14,0,108,20,0,132,0,0,66,0,0,319,33,0,0,0,1,194,57,0,370,142,0,3,0,0,1,1,0,4,0,0,5,0,0,10,4,0,12,0,0,3,0,0,7,1,0,0,0,0,0,0,0,0,0
Math-43f,0,0,0,0,0,0,0,27,0,0,36,4,0,13,0,0,17,0,0,94,19,0,53,4,0,14,10,0,11,61,0,2,34,0,59,60,0,0,0,0,74,15,2,46,48,0,2,0,0,1,0,0,1,0,0,10,0,0,37,1,0,48,1,0,1,0,0,0,0,0,0,0,0,0,0,0,0,0
Math-44f,0,0,0,0,0,0,0,10,1,4,21,5,0,7,1,0,12,0,5,26,8,2,22,6,4,26,10,0,7,1,1,3,0,23,61,22,0,0,0,15,51,9,33,84,43,0,0,0,0,0,0,2,2,3,0,0,0,0,0,0,2,10,2,0,3,0,0,0,0,0,0,0,0,0,0,0,0,0
Math-45f,0,2,0,0,0,0,0,12,1,0,19,0,0,4,0,1,8,0,0,44,5,1,17,6,4,81,13,3,76,5,2,37,3,0,28,16,0,0,0,1,50,9,0,301,91,0,0,0,0,0,0,0,14,0,0,8,1,0,2,0,0,6,0,0,0,0,0,0,0,0,0,0,0,0,0,0,0,0
Math-46f,0,1,0,0,4,0,0,82,2,0,5,0,0,10,1,0,6,0,0,147,2,0,143,0,0,180,3,0,307,5,0,154,2,0,190,11,0,0,0,0,356,0,0,725,7,0,5,0,0,4,0,0,60,1,0,63,0,0,58,0,0,5,0,0,4,0,0,0,0,0,0,0,0,0,0,0,0,0
Math-47f,0,1,0,0,4,0,0,81,3,0,5,0,0,9,2,0,6,0,0,147,2,0,147,0,0,180,3,0,307,5,0,154,2,0,183,18,0,0,0,0,365,1,0,722,10,0,5,0,0,4,0,0,60,1,0,63,0,0,58,0,0,5,0,0,4,0,0,0,0,0,0,0,0,0,0,0,0,0
Math-49f,0,4,0,0,2,0,0,58,1,0,65,4,0,18,1,0,21,0,0,207,7,0,144,7,0,154,28,0,160,28,0,80,14,0,219,61,0,0,0,0,303,73,0,544,184,0,9,0,0,4,0,0,17,2,0,28,0,0,12,0,0,21,0,0,0,0,0,0,0,0,0,0,0,0,0,0,0,0
Math-4f,0,0,0,0,0,0,2,13,0,0,0,0,0,0,0,0,31,0,0,75,2,2,40,2,0,3,5,0,8,0,0,4,0,0,48,9,0,0,0,0,50,12,0,20,12,0,0,0,0,0,0,0,2,0,0,7,0,0,3,4,0,2,0,0,2,0,0,0,0,0,0,0,0,0,0,0,0,0
Math-50f,0,0,0,0,0,0,0,16,0,0,1,0,0,16,0,0,0,3,0,18,0,0,30,0,0,81,0,0,60,0,0,30,0,0,57,0,0,0,0,0,74,1,0,317,7,0,0,0,0,0,0,0,10,0,0,0,0,0,0,0,0,7,0,0,0,0,0,0,0,0,3,0,0,13,0,0,0,0
Math-52f,0,1,0,0,24,1,0,30,0,0,0,0,0,8,0,0,26,0,0,229,3,0,122,0,0,561,0,0,1756,0,0,877,1,0,2025,64,0,0,0,0,245,16,0,2201,43,0,0,0,0,0,0,0,83,0,0,22,0,0,14,0,0,39,5,0,0,0,0,1,0,0,0,0,0,0,0,0,0,0
Math-53f,0,1,0,0,4,0,0,68,3,0,5,0,0,9,2,0,3,0,0,135,1,0,117,0,0,157,3,0,291,5,0,146,2,0,177,16,0,0,0,0,290,1,0,629,11,0,5,0,0,4,0,0,60,1,0,50,0,0,52,0,0,4,0,0,4,0,0,0,0,0,0,0,0,0,0,0,0,0
Math-55f,0,0,0,0,12,0,0,35,3,0,0,0,0,17,2,0,13,0,0,60,6,0,47,2,0,282,5,0,664,20,0,332,10,0,139,29,0,0,0,0,116,5,0,1092,56,0,5,0,0,1,1,0,36,3,0,12,0,0,1,0,0,18,0,0,1,0,0,0,0,0,0,0,0,0,0,0,0,0
Math-56f,0,7,0,0,0,0,0,7,0,0,0,0,0,3,0,0,6,0,0,7,7,0,22,2,0,61,7,3,37,4,0,19,3,1,55,13,0,0,0,1,54,5,4,215,53,0,0,0,0,0,0,0,0,2,0,3,0,0,3,0,0,5,0,0,1,0,0,2,2,0,0,0,0,0,0,0,0,0
Math-58f,0,0,0,0,0,0,0,2,0,0,0,0,0,0,0,0,2,0,0,4,0,0,0,0,0,0,0,0,0,0,0,0,0,0,0,0,0,0,0,0,0,0,0,0,0,0,0,0,0,0,0,0,2,0,0,2,0,0,0,0,0,0,0,0,0,0,0,0,0,0,0,0,0,0,0,0,0,0
Math-5f,0,1,0,0,6,0,0,93,3,0,5,0,0,9,2,0,6,0,0,161,1,0,169,0,0,210,5,0,355,5,0,178,2,0,259,16,0,0,0,0,420,1,0,853,7,0,5,0,0,4,0,0,62,1,0,75,0,0,65,0,0,4,0,0,4,0,0,0,0,0,0,0,0,0,0,0,0,0
Math-61f,0,0,0,0,2,0,0,9,0,0,0,0,0,7,0,0,2,0,0,10,1,0,11,1,0,27,3,0,20,0,0,10,0,0,87,11,0,0,0,1,26,3,1,97,22,0,0,0,0,0,0,0,9,0,0,0,0,0,0,0,0,6,0,0,0,0,0,0,0,0,0,0,0,0,0,0,0,0
Math-62f,0,1,0,0,0,0,2,4,0,0,3,2,0,2,0,0,3,0,0,6,2,1,6,1,5,17,6,9,14,9,3,7,6,5,22,8,0,0,0,1,6,5,34,36,42,0,0,0,0,0,0,0,0,0,2,1,1,0,0,0,0,6,1,0,0,0,0,0,0,0,0,0,0,0,0,0,0,0
Math-63f,0,16,1,0,8,5,0,98,0,0,4,0,0,76,0,0,10,1,0,161,53,0,366,52,4,426,217,0,478,106,0,232,60,1,1385,455,0,47,1,0,835,178,1,1657,930,0,12,0,0,3,0,0,81,7,0,4,0,0,7,0,0,0,0,0,0,0,0,6,0,0,2,0,0,10,0,0,5,0
Math-64f,0,44,1,0,4,1,0,3,0,0,14,3,0,0,0,0,5,2,0,27,12,0,168,36,0,572,93,0,548,32,0,273,17,0,485,187,0,0,0,0,357,145,0,2138,522,0,0,0,0,0,0,0,24,6,0,3,0,0,0,0,0,18,8,0,0,0,0,1,17,0,0,0,0,0,0,0,0,0
Math-66f,0,0,0,0,6,0,0,2,0,0,6,0,0,2,0,0,2,0,0,15,2,1,55,0,2,137,2,6,158,0,1,81,0,3,100,0,0,0,0,3,133,0,14,542,8,0,0,0,0,0,0,0,9,0,0,0,0,0,0,0,0,0,0,0,0,0,0,0,0,0,0,0,0,0,0,0,0,0
Math-67f,0,4,2,0,0,0,3,8,1,0,8,1,3,6,1,0,0,1,0,16,2,3,17,14,11,49,34,18,45,5,10,19,5,18,82,81,0,0,0,3,31,35,94,180,102,0,0,0,0,0,0,0,4,0,0,2,0,0,0,0,0,9,4,0,0,0,0,1,2,0,0,0,0,0,0,0,0,0
Math-68f,0,43,1,0,4,1,0,3,0,0,14,1,0,0,0,0,4,2,0,27,12,0,166,34,0,562,94,0,548,32,0,273,17,0,480,186,0,0,0,0,354,142,0,2105,519,0,0,0,0,0,0,0,23,7,0,3,0,0,0,0,0,20,3,0,0,0,0,1,17,0,0,0,0,0,0,0,0,0
Math-6f,1,90,4,2,4,5,3,42,4,5,26,16,3,5,1,1,59,10,30,282,107,26,328,190,85,855,432,133,620,695,76,274,374,119,969,1014,0,0,0,66,631,563,228,3460,1800,0,0,1,0,0,1,32,58,66,1,32,2,25,20,25,10,59,51,0,0,4,1,1,35,0,1,0,0,2,0,0,0,0
Math-70f,0,1,0,0,0,0,0,4,0,0,2,1,0,4,0,0,1,0,0,8,0,0,6,0,0,26,1,0,7,1,0,4,0,0,30,2,0,0,0,0,14,1,0,76,32,0,0,0,0,0,0,0,6,2,0,0,0,0,0,0,0,0,0,0,0,0,0,0,0,0,0,0,0,0,0,0,0,0
Math-71f,0,11,0,0,1,1,0,5,0,3,21,20,0,5,0,0,2,0,0,15,22,0,40,50,0,100,126,0,96,112,0,49,55,24,239,134,0,0,0,0,79,134,8,371,525,0,0,0,0,0,0,0,8,12,0,0,0,0,0,0,2,16,15,0,0,0,0,0,6,0,0,0,0,0,0,0,0,0
Math-73f,0,1,0,0,2,0,0,11,0,0,6,5,0,10,1,0,1,0,1,29,9,2,48,4,4,127,43,5,151,8,2,76,4,18,165,52,0,0,0,4,108,23,3,497,196,0,0,0,0,0,0,0,27,2,0,0,0,0,0,0,0,0,0,0,0,0,0,0,0,0,0,0,0,0,0,0,0,0
Math-75f,0,0,0,0,0,0,0,36,3,0,6,0,0,27,2,0,4,0,0,94,3,0,38,9,0,23,5,0,22,6,0,10,4,0,101,38,0,0,0,0,67,17,0,54,58,0,3,1,0,1,1,0,7,0,0,1,0,0,9,0,0,2,0,0,1,0,0,0,0,0,0,0,0,0,0,0,0,0
Math-77f,0,15,0,0,2,0,0,153,4,0,109,7,0,39,3,0,36,1,0,324,20,0,302,26,0,474,60,0,366,46,0,184,22,0,653,181,0,0,0,0,622,171,1,1686,449,0,17,0,0,8,1,0,57,2,0,90,0,0,18,0,0,37,0,0,1,0,0,2,2,0,0,0,0,0,0,0,0,0
Math-78f,0,0,2,0,1,0,0,11,0,0,4,1,0,4,0,0,2,1,1,16,6,2,37,21,8,47,23,6,34,20,5,17,8,4,128,82,0,0,0,8,85,49,7,201,104,0,5,0,0,1,0,0,10,4,0,1,0,0,0,0,1,22,7,0,0,0,0,0,1,0,0,0,0,0,0,0,0,0
Math-79f,0,15,0,0,5,3,0,92,0,0,3,0,0,78,0,0,14,0,0,136,38,0,280,50,0,382,125,0,400,44,0,200,22,0,1090,387,0,65,1,0,654,155,0,1397,631,0,6,0,0,1,0,0,69,8,0,4,0,0,7,0,0,0,0,0,0,0,0,4,0,0,1,0,0,8,0,0,5,0
Math-7f,0,0,0,0,0,0,0,7,4,0,22,9,0,5,3,0,12,0,0,29,12,0,33,5,0,26,18,0,7,1,0,4,0,0,104,28,0,0,0,0,81,14,2,102,72,0,0,0,0,0,0,0,5,2,0,0,0,0,0,0,0,12,2,0,3,0,0,0,0,0,0,0,0,0,0,0,0,0
Math-80f,0,28,18,0,0,11,0,16,6,0,17,8,0,3,5,0,8,2,0,36,98,0,68,294,0,305,1229,0,542,2854,0,151,1547,0,511,3225,0,0,0,0,140,733,0,993,5143,0,1,1,0,1,1,0,4,101,0,9,0,0,0,0,0,16,112,0,1,0,0,2,19,0,1,1,0,1,5,0,0,0
Math-83f,0,9,0,0,0,0,0,28,2,0,12,0,0,14,2,0,7,0,2,99,8,2,79,8,0,100,15,4,150,6,2,74,4,11,269,40,0,0,0,2,140,39,3,364,93,0,3,0,0,0,1,0,0,1,0,5,0,0,3,0,0,10,0,0,5,0,0,5,0,0,0,0,0,0,0,0,0,0
Math-85f,0,1,0,0,0,0,0,5,0,0,2,1,0,3,0,0,0,1,1,14,13,1,17,4,2,28,20,2,20,2,3,8,1,7,61,76,0,0,0,3,35,9,1,88,111,0,0,0,0,0,0,0,6,0,0,2,0,0,0,0,0,0,0,0,0,0,0,0,1,0,0,0,0,0,0,0,0,0
Math-86f,0,5,0,0,0,0,0,4,0,0,0,0,0,1,0,0,4,0,0,11,2,0,22,0,0,50,3,0,40,0,0,20,0,0,47,1,0,0,0,0,40,7,5,179,28,0,0,0,0,0,0,0,5,0,0,3,0,0,1,0,0,3,2,0,0,0,0,1,2,0,0,0,0,0,0,0,0,0
Math-87f,0,9,0,0,0,0,0,25,2,0,12,0,0,13,2,0,7,0,0,97,9,0,80,7,1,93,17,0,151,9,2,74,4,2,265,40,0,0,0,0,138,38,1,349,94,0,3,0,0,0,1,0,1,0,0,5,0,0,2,1,0,10,0,0,3,0,0,5,0,0,0,0,0,0,0,0,0,0
Math-89f,0,0,0,0,0,0,0,28,0,0,6,0,0,22,2,1,5,0,0,85,0,1,31,2,0,22,4,0,20,0,0,10,0,0,70,4,0,0,0,1,56,12,0,54,50,0,0,0,0,0,0,0,7,0,0,1,0,0,9,0,0,2,0,0,1,0,0,0,0,0,0,0,0,0,0,0,0,0
Math-90f,0,0,0,0,0,0,0,28,0,0,6,0,0,22,2,0,5,0,0,85,0,0,30,2,0,22,4,0,20,0,0,10,0,0,70,4,0,0,0,0,53,11,0,54,50,0,0,0,0,0,0,0,7,0,0,1,0,0,9,0,0,2,0,0,1,0,0,0,0,0,0,0,0,0,0,0,0,0
Math-92f,1,10,0,0,7,1,0,71,0,0,0,0,0,65,0,0,24,0,0,90,5,2,215,29,4,254,78,2,289,37,1,143,20,10,684,157,0,50,1,4,495,100,3,962,379,0,4,0,0,1,0,0,56,7,0,0,0,0,1,0,0,0,0,0,0,0,0,6,1,0,1,0,0,8,0,0,0,0
Math-93f,0,2,2,0,6,2,0,64,0,0,0,0,0,58,0,0,23,0,0,83,6,1,187,26,0,218,55,0,202,30,0,100,16,2,615,138,0,49,2,1,435,83,0,764,328,0,4,0,0,1,0,0,51,8,0,0,0,0,1,0,0,0,0,0,0,0,0,1,0,0,1,0,0,8,0,0,0,0
Math-94f,0,3,1,0,7,1,0,62,0,0,0,0,0,56,0,0,22,0,0,83,5,0,183,25,0,212,56,0,206,26,0,101,15,1,616,126,0,50,1,0,417,87,0,720,352,0,4,0,0,1,0,0,50,8,0,0,0,0,1,0,0,0,0,0,0,0,0,1,0,0,1,0,0,8,0,0,0,0
Math-95f,0,0,0,0,0,0,0,9,0,0,2,0,0,7,0,0,2,0,0,5,0,1,11,0,0,23,1,0,32,0,0,16,0,10,60,0,0,0,0,2,28,0,0,74,22,0,0,0,0,0,0,0,2,0,0,0,0,0,0,0,0,2,0,0,0,0,0,0,0,0,0,0,0,0,0,0,0,0
Math-96f,0,0,0,0,4,1,0,55,4,0,0,0,0,8,2,0,2,0,0,132,3,0,101,0,0,134,9,0,264,16,0,132,8,0,175,6,0,0,0,0,242,1,0,536,36,0,3,0,0,1,0,0,56,1,0,44,2,0,44,2,0,2,0,0,0,0,0,0,0,0,0,0,0,0,0,0,0,0
Math-97f,0,1,0,0,2,0,0,9,0,0,3,6,0,7,2,0,5,0,0,43,3,4,43,7,3,98,66,0,132,40,0,64,22,6,97,66,0,0,0,6,98,31,29,372,267,0,0,0,0,0,0,0,25,2,0,0,0,0,0,17,0,0,0,0,0,0,0,0,0,0,0,0,0,0,0,0,0,0
Math-98f,0,112,14,0,1,1,0,95,11,1,21,4,0,11,2,0,104,14,0,216,43,0,475,77,0,756,174,0,211,113,0,97,65,0,894,380,0,0,0,0,987,350,6,2908,806,0,14,0,0,5,1,1,36,10,0,62,8,0,44,11,0,21,23,0,2,0,0,21,36,0,0,0,0,0,0,0,0,0
Math-99f,0,10,1,0,5,3,0,74,0,0,0,0,0,66,0,1,23,0,1,92,9,3,226,39,0,282,83,0,304,40,0,151,21,20,732,166,0,50,1,4,544,106,0,1047,413,0,5,0,0,1,0,0,54,9,0,0,0,0,1,0,0,0,0,0,0,0,0,6,1,0,1,0,0,8,0,0,0,0
Math-9f,0,0,0,0,2,0,0,16,0,0,1,0,0,4,0,0,10,0,0,27,1,0,14,2,0,14,4,0,32,0,0,16,0,0,61,13,0,0,0,0,31,9,0,52,20,0,2,0,0,0,0,0,3,0,0,9,0,0,6,0,0,5,0,0,0,0,0,0,0,0,0,0,0,0,0,0,0,0
Mockito-17f,0,1,0,0,0,0,0,17,0,0,9,0,0,0,0,1,13,0,2,22,2,1,30,1,0,3,0,0,0,0,0,0,0,0,42,6,0,0,0,0,40,8,0,11,1,0,3,0,0,1,0,1,0,0,0,13,0,0,0,3,0,7,0,0,0,0,0,0,0,0,0,0,0,0,0,0,0,0
Mockito-29f,0,0,0,0,0,0,0,1,0,0,2,0,0,0,0,0,0,0,0,6,0,1,7,0,0,0,0,0,0,0,0,0,0,0,7,2,0,0,0,0,10,2,0,0,0,0,1,0,0,0,0,0,0,0,0,0,0,0,5,0,0,1,0,0,0,0,0,0,0,0,0,0,0,0,0,0,0,0
Mockito-37f,0,0,0,0,0,0,0,0,0,2,9,0,0,0,0,0,1,0,1,15,1,2,28,0,0,0,0,0,0,0,0,0,0,0,0,0,0,0,0,2,55,14,0,0,0,0,0,0,0,0,0,0,0,0,0,0,0,0,0,0,0,1,0,0,0,0,0,0,0,0,0,0,0,0,0,0,0,0
Time-11f,0,3,4,0,1,0,0,13,7,0,12,25,0,8,2,0,26,20,0,85,98,0,66,70,0,28,39,0,9,15,0,5,7,0,99,127,0,0,0,0,134,150,0,130,138,0,1,3,0,1,2,0,12,9,0,2,1,0,1,38,0,3,0,0,1,0,0,5,2,0,1,0,0,1,9,0,0,0
Time-13f,0,1,1,0,0,0,0,47,1,0,20,0,0,0,0,0,28,1,0,56,2,0,80,0,0,27,1,0,20,0,0,10,0,0,295,32,0,6,0,0,103,1,0,110,2,0,0,0,0,0,0,0,2,0,0,45,1,0,17,0,0,23,0,0,0,0,0,2,0,0,1,0,0,2,0,0,0,0
Time-15f,0,0,0,0,3,0,0,22,0,0,0,0,0,17,0,2,19,0,4,40,8,1,58,9,0,92,25,0,72,0,0,35,1,4,95,19,0,0,0,1,140,17,0,305,163,0,2,0,0,2,0,0,2,0,0,0,0,0,0,30,0,0,0,0,0,0,0,0,0,0,1,0,1,1,1,0,0,0
Time-1f,0,6,0,0,0,0,0,52,2,0,12,1,0,2,1,0,39,0,5,172,18,2,114,5,0,88,9,2,68,22,0,32,14,2,305,31,0,0,0,2,194,13,0,329,59,0,5,1,0,4,1,0,17,0,0,28,0,4,24,22,0,22,0,0,10,0,0,0,1,0,0,0,0,0,0,0,0,0
Time-22f,0,4,0,0,0,0,0,9,0,0,18,0,0,2,0,0,15,0,0,104,11,0,51,7,0,88,2,0,0,0,0,0,0,0,73,3,0,0,0,0,82,15,0,284,76,0,0,0,0,0,0,0,26,3,0,7,0,0,2,11,0,30,0,0,0,0,0,4,0,0,0,0,0,0,0,0,0,0
Time-24f,0,4,0,0,1,0,0,15,1,0,8,1,0,8,0,0,8,0,0,40,1,3,46,11,1,48,5,0,31,1,0,16,0,4,90,49,0,0,0,3,79,32,0,163,53,0,1,0,0,1,0,1,2,0,0,3,1,0,3,8,0,13,8,0,1,0,0,1,0,0,0,0,0,0,0,0,0,0
Time-27f,0,1,1,0,0,0,0,47,1,0,20,0,0,0,0,0,28,1,0,56,2,0,80,0,0,26,2,0,20,0,0,10,0,0,299,28,0,6,0,0,103,1,0,106,6,0,0,0,0,0,0,0,2,0,0,45,1,0,17,0,0,22,1,0,0,0,0,2,0,0,1,0,0,2,0,0,0,0
Time-2f,0,6,0,0,0,0,0,52,3,0,11,2,0,3,1,0,35,0,1,160,18,1,112,4,0,90,5,0,68,16,0,32,10,0,305,28,0,0,0,0,194,5,0,336,44,0,4,2,0,4,1,0,17,0,0,28,0,0,22,20,0,21,1,0,10,0,0,0,1,0,0,0,0,0,0,0,0,0
Time-5f,0,1,0,0,16,0,0,74,0,0,8,0,0,8,0,0,46,0,0,270,1,1,63,0,0,190,1,0,255,1,0,127,1,0,910,7,0,0,0,0,120,0,2,755,7,0,0,0,0,0,0,0,28,0,0,66,0,0,20,0,0,0,0,0,0,0,0,0,1,0,0,0,0,0,0,0,0,0
